{
  "resourceType" : "ValueSet",
  "id" : "2bd9da37-c638-4a01-af2b-f2b40dbd9655-11",
  "url" : "http://hl7.org/fhir/comparison/ValueSet/2bd9da37-c638-4a01-af2b-f2b40dbd9655-11",
  "name" : "UnionIdentifier Type CodesAndIdentifierTypeDeBasis",
  "title" : "Union of IdentifierType And null",
  "status" : "active",
  "date" : "2023-05-16T08:51:49+02:00",
  "compose" : {
    "include" : [{
      "concept" : [{
        "code" : "DL"
      },
      {
        "code" : "PPN"
      },
      {
        "code" : "BRN"
      },
      {
        "code" : "MR"
      },
      {
        "code" : "MCN"
      },
      {
        "code" : "EN"
      },
      {
        "code" : "TAX"
      },
      {
        "code" : "NIIP"
      },
      {
        "code" : "PRN"
      },
      {
        "code" : "MD"
      },
      {
        "code" : "DR"
      },
      {
        "code" : "ACSN"
      },
      {
        "code" : "UDI"
      },
      {
        "code" : "SNO"
      },
      {
        "code" : "SB"
      },
      {
        "code" : "PLAC"
      },
      {
        "code" : "FILL"
      },
      {
        "code" : "JHN"
      },
      {
        "code" : "XX",
        "display" : "Organisations-ID"
      },
      {
        "code" : "BSNR",
        "display" : "Betriebsstätten-Nummer"
      },
      {
        "code" : "LANR",
        "display" : "Lebenslange Arztnummer"
      },
      {
        "code" : "RI",
        "display" : "Resource identifier"
      },
      {
        "code" : "DN",
        "display" : "Doctor number"
      }]
    },
    {
      "valueSet" : ["http://hl7.org/fhir/ValueSet/identifier-type"]
    },
    {
      "system" : "http://fhir.de/CodeSystem/identifier-type-de-basis"
    }]
  },
  "expansion" : {
    "contains" : [{
      "system" : "http://terminology.hl7.org/CodeSystem/v2-0203",
      "code" : "DL"
    },
    {
      "system" : "http://terminology.hl7.org/CodeSystem/v2-0203",
      "code" : "PPN"
    },
    {
      "system" : "http://terminology.hl7.org/CodeSystem/v2-0203",
      "code" : "BRN"
    },
    {
      "system" : "http://terminology.hl7.org/CodeSystem/v2-0203",
      "code" : "MR"
    },
    {
      "system" : "http://terminology.hl7.org/CodeSystem/v2-0203",
      "code" : "MCN"
    },
    {
      "system" : "http://terminology.hl7.org/CodeSystem/v2-0203",
      "code" : "EN"
    },
    {
      "system" : "http://terminology.hl7.org/CodeSystem/v2-0203",
      "code" : "TAX"
    },
    {
      "system" : "http://terminology.hl7.org/CodeSystem/v2-0203",
      "code" : "NIIP"
    },
    {
      "system" : "http://terminology.hl7.org/CodeSystem/v2-0203",
      "code" : "PRN"
    },
    {
      "system" : "http://terminology.hl7.org/CodeSystem/v2-0203",
      "code" : "MD"
    },
    {
      "system" : "http://terminology.hl7.org/CodeSystem/v2-0203",
      "code" : "DR"
    },
    {
      "system" : "http://terminology.hl7.org/CodeSystem/v2-0203",
      "code" : "ACSN"
    },
    {
      "system" : "http://terminology.hl7.org/CodeSystem/v2-0203",
      "code" : "UDI"
    },
    {
      "system" : "http://terminology.hl7.org/CodeSystem/v2-0203",
      "code" : "SNO"
    },
    {
      "system" : "http://terminology.hl7.org/CodeSystem/v2-0203",
      "code" : "SB"
    },
    {
      "system" : "http://terminology.hl7.org/CodeSystem/v2-0203",
      "code" : "PLAC"
    },
    {
      "system" : "http://terminology.hl7.org/CodeSystem/v2-0203",
      "code" : "FILL"
    },
    {
      "system" : "http://terminology.hl7.org/CodeSystem/v2-0203",
      "code" : "JHN"
    },
    {
      "system" : "http://terminology.hl7.org/CodeSystem/v2-0203",
      "code" : "XX",
      "display" : "Organisations-ID"
    },
    {
      "system" : "http://terminology.hl7.org/CodeSystem/v2-0203",
      "code" : "BSNR",
      "display" : "Betriebsstätten-Nummer"
    },
    {
      "system" : "http://terminology.hl7.org/CodeSystem/v2-0203",
      "code" : "LANR",
      "display" : "Lebenslange Arztnummer"
    },
    {
      "system" : "http://terminology.hl7.org/CodeSystem/v2-0203",
      "code" : "RI",
      "display" : "Resource identifier"
    },
    {
      "system" : "http://terminology.hl7.org/CodeSystem/v2-0203",
      "code" : "DN",
      "display" : "Doctor number"
    },
    {
      "system" : "http://fhir.de/CodeSystem/identifier-type-de-basis",
      "version" : "1.3.2",
      "code" : "GKV",
      "display" : "Gesetzliche Krankenversicherung"
    },
    {
      "system" : "http://fhir.de/CodeSystem/identifier-type-de-basis",
      "version" : "1.3.2",
      "code" : "PKV",
      "display" : "Private Krankenversicherung"
    },
    {
      "system" : "http://fhir.de/CodeSystem/identifier-type-de-basis",
      "version" : "1.3.2",
      "code" : "ZANR",
      "display" : "Zahnarztnummer"
    },
    {
      "system" : "http://fhir.de/CodeSystem/identifier-type-de-basis",
      "version" : "1.3.2",
      "code" : "KZVA",
      "display" : "KZVAbrechnungsnummer"
    }]
  }
}