{
  "resourceType" : "ValueSet",
  "id" : "f7c23982-6626-4f06-bd45-a0b9ee6aa752-5",
  "url" : "http://hl7.org/fhir/comparison/ValueSet/f7c23982-6626-4f06-bd45-a0b9ee6aa752-5",
  "name" : "UnionFlowtypeVSAndGEM_ERP_VS_FlowType",
  "title" : "Union of ValueSet of Flowtype Codes And ValueSet of Flowtype Codes",
  "status" : "draft",
  "date" : "2023-05-16T08:49:57+02:00",
  "expansion" : {
    "contains" : [{
      "system" : "https://gematik.de/fhir/CodeSystem/Flowtype",
      "code" : "160",
      "display" : "Muster 16 (Apothekenpflichtige Arzneimittel)"
    },
    {
      "system" : "https://gematik.de/fhir/CodeSystem/Flowtype",
      "code" : "169",
      "display" : "Muster 16 (Direkte Zuweisung)"
    },
    {
      "system" : "https://gematik.de/fhir/CodeSystem/Flowtype",
      "code" : "200",
      "display" : "PKV (Apothekenpflichtige Arzneimittel)"
    },
    {
      "system" : "https://gematik.de/fhir/erp/CodeSystem/GEM_ERP_CS_FlowType",
      "version" : "1.2",
      "code" : "160",
      "display" : "Muster 16 (Apothekenpflichtige Arzneimittel)"
    },
    {
      "system" : "https://gematik.de/fhir/erp/CodeSystem/GEM_ERP_CS_FlowType",
      "version" : "1.2",
      "code" : "165",
      "display" : "Muster 16 (Betäubungsmittel)"
    },
    {
      "system" : "https://gematik.de/fhir/erp/CodeSystem/GEM_ERP_CS_FlowType",
      "version" : "1.2",
      "code" : "166",
      "display" : "Muster 16 (T-Rezepte)"
    },
    {
      "system" : "https://gematik.de/fhir/erp/CodeSystem/GEM_ERP_CS_FlowType",
      "version" : "1.2",
      "code" : "169",
      "display" : "Muster 16 (Direkte Zuweisung)"
    },
    {
      "system" : "https://gematik.de/fhir/erp/CodeSystem/GEM_ERP_CS_FlowType",
      "version" : "1.2",
      "code" : "200",
      "display" : "PKV (Apothekenpflichtige Arzneimittel)"
    },
    {
      "system" : "https://gematik.de/fhir/erp/CodeSystem/GEM_ERP_CS_FlowType",
      "version" : "1.2",
      "code" : "205",
      "display" : "PKV (Betäubungsmittel)"
    },
    {
      "system" : "https://gematik.de/fhir/erp/CodeSystem/GEM_ERP_CS_FlowType",
      "version" : "1.2",
      "code" : "206",
      "display" : "PKV (T-Rezepte)"
    },
    {
      "system" : "https://gematik.de/fhir/erp/CodeSystem/GEM_ERP_CS_FlowType",
      "version" : "1.2",
      "code" : "209",
      "display" : "PKV (Direkte Zuweisung)"
    },
    {
      "system" : "https://gematik.de/fhir/erp/CodeSystem/GEM_ERP_CS_FlowType",
      "version" : "1.2",
      "code" : "9xx",
      "display" : "reserviert für Pharmazeutische Dienstleistungen bzw. Impfungen durch Apotheker"
    }]
  }
}