<Bundle xmlns="http://hl7.org/fhir">
	<id value="6d5162b2-abc9-4c0c-9c46-4deb3b64edd7" />
	<meta>
		<lastUpdated value="2021-04-06T08:30:00Z" />
		<profile value="https://fhir.kbv.de/StructureDefinition/KBV_PR_ERP_Bundle|1.0.2" />
	</meta>
	<identifier>
		<system value="https://gematik.de/fhir/NamingSystem/PrescriptionID" />
		<value value="160.100.000.000.007.21" />
	</identifier>
	<type value="document" />
	<timestamp value="2021-11-12T15:30:00Z"/>
	<entry>
		<fullUrl value="http://pvs.praxis.local/fhir/Composition/2edc3279-e54d-43b9-8590-4007f1b20fbd" />
		<resource>
			<Composition xmlns="http://hl7.org/fhir">
				<id value="2edc3279-e54d-43b9-8590-4007f1b20fbd" />
				<meta>
					<profile value="https://fhir.kbv.de/StructureDefinition/KBV_PR_ERP_Composition|1.0.2" />
				</meta>
				<extension url="https://fhir.kbv.de/StructureDefinition/KBV_EX_FOR_PKV_Tariff">
                    <valueCoding>
                        <system value="https://fhir.kbv.de/CodeSystem/KBV_CS_SFHIR_KBV_PKV_TARIFF" />
                        <code value="01" />
                    </valueCoding>
                </extension>
				<status value="final" />
				<type>
					<coding>
						<system value="https://fhir.kbv.de/CodeSystem/KBV_CS_SFHIR_KBV_FORMULAR_ART" />
						<code value="e16A" />
					</coding>
				</type>
				<subject>
					<reference value="Patient/fc0d145b-09b4-4af6-b477-935c1862ac7f" />
				</subject>
				<date value="2021-11-12T15:00:00Z"/>
				<author>
					<reference value="Practitioner/0c4e1a54-8a42-4d3d-a12c-0bbf2db48570" />
					<type value="Practitioner" />
				</author>
				<author>
					<type value="Device" />
					<identifier>
						<system value="https://fhir.kbv.de/NamingSystem/KBV_NS_FOR_Pruefnummer" />
						<value value="Y/410/2107/36/999" />
					</identifier>
				</author>
				<title value="elektronische Arzneimittelverordnung" />
				<custodian>
					<reference value="Organization/4ad4ae52-bd62-4cbd-bae9-7f7d6ece3fd2" />
				</custodian>
				<section>
					<code>
						<coding>
							<system value="https://fhir.kbv.de/CodeSystem/KBV_CS_ERP_Section_Type" />
							<code value="Prescription" />
						</coding>
					</code>
					<entry>
						<!-- Referenz auf Verordnung (MedicationRequest) -->
						<reference value="MedicationRequest/0587787f-3f1b-4578-a412-ce5bae8215b9" />
					</entry>
				</section>
				<section>
					<code>
						<coding>
							<system value="https://fhir.kbv.de/CodeSystem/KBV_CS_ERP_Section_Type" />
							<code value="Coverage" />
						</coding>
					</code>
					<entry>
						<!-- Referenz auf Krankenkasse/KostentrĂ¤ger  -->
						<reference value="Coverage/69b3bbb6-2d37-4676-baf1-af97ba2ba4ad" />
					</entry>
				</section>
			</Composition>
		</resource>
	</entry>
	<entry>
		<fullUrl value="http://pvs.praxis.local/fhir/MedicationRequest/0587787f-3f1b-4578-a412-ce5bae8215b9" />
		<resource>
			<MedicationRequest xmlns="http://hl7.org/fhir">
				<!--Beispiel MedicationRequest für eine PZN-Verordnung -->
				<id value="0587787f-3f1b-4578-a412-ce5bae8215b9"/>
				<meta>
					<profile value="https://fhir.kbv.de/StructureDefinition/KBV_PR_ERP_Prescription|1.0.2"/>
				</meta>
				<extension url="https://fhir.kbv.de/StructureDefinition/KBV_EX_ERP_StatusCoPayment">
					<valueCoding>
						<system value="https://fhir.kbv.de/CodeSystem/KBV_CS_ERP_StatusCoPayment"/>
						<code value="0"/>
					</valueCoding>
				</extension>
				<extension url="https://fhir.kbv.de/StructureDefinition/KBV_EX_ERP_EmergencyServicesFee">
					<valueBoolean value="false"/>
				</extension>
				<extension url="https://fhir.kbv.de/StructureDefinition/KBV_EX_ERP_BVG">
					<valueBoolean value="false"/>
				</extension>
				<extension url="https://fhir.kbv.de/StructureDefinition/KBV_EX_ERP_Multiple_Prescription">
					<extension url="Kennzeichen">
						<valueBoolean value="false"/>
					</extension>
				</extension>
				<status value="active"/>
				<intent value="order"/>
				<medicationReference>
					<reference value="Medication/03758a20-5f15-4d10-a0ea-c8a594cea651"/>
				</medicationReference>
				<subject>
					<reference value="Patient/fc0d145b-09b4-4af6-b477-935c1862ac7f"/>
				</subject>
				<authoredOn value="INSERT_yyyy-mm-dd_HERE" />
				<requester>
					<reference value="Practitioner/0c4e1a54-8a42-4d3d-a12c-0bbf2db48570"/>
				</requester>
				<insurance>
					<reference value="Coverage/69b3bbb6-2d37-4676-baf1-af97ba2ba4ad"/>
				</insurance>
				<note>
					<text value="Patient erneut auf Anwendung der Schmelztabletten hinweisen"/>
				</note>
				<dosageInstruction>
          <extension url="https://fhir.kbv.de/StructureDefinition/KBV_EX_ERP_DosageFlag">
            <valueBoolean value="false" />
          </extension>
        </dosageInstruction>
        <dispenseRequest>
          <quantity>
            <value value="1" />
            <system value="http://unitsofmeasure.org" />
            <code value="{Package}" />
          </quantity>
        </dispenseRequest>
        <substitution>
          <allowedBoolean value="true" />
        </substitution>
			</MedicationRequest>
		</resource>
	</entry>
	<entry>
		<fullUrl value="http://pvs.praxis.local/fhir/Medication/03758a20-5f15-4d10-a0ea-c8a594cea651" />
		<resource>
			<Medication xmlns="http://hl7.org/fhir">
				<id value="03758a20-5f15-4d10-a0ea-c8a594cea651"/>
				<meta>
					<profile value="https://fhir.kbv.de/StructureDefinition/KBV_PR_ERP_Medication_PZN|1.0.2"/>
				</meta>
				<extension url="https://fhir.kbv.de/StructureDefinition/KBV_EX_ERP_Medication_Category">
          <valueCoding>
            <system value="https://fhir.kbv.de/CodeSystem/KBV_CS_ERP_Medication_Category" />
            <code value="00" />
          </valueCoding>
        </extension>
        <extension url="https://fhir.kbv.de/StructureDefinition/KBV_EX_ERP_Medication_Vaccine">
          <valueBoolean value="false" />
        </extension>
        <extension url="http://fhir.de/StructureDefinition/normgroesse">
          <valueCode value="N1" />
        </extension>
        <code>
          <coding>
            <system value="http://fhir.de/CodeSystem/ifa/pzn" />
            <code value="00814665" />
          </coding>
          <text value="Januvia® 50 mg 28 Filmtabletten N1" />
        </code>
        <form>
          <coding>
            <system value="https://fhir.kbv.de/CodeSystem/KBV_CS_SFHIR_KBV_DARREICHUNGSFORM" />
            <code value="FTA" />
          </coding>
        </form>
			</Medication>
		</resource>
	</entry>
	<entry>
		<fullUrl value="http://pvs.praxis.local/fhir/Patient/fc0d145b-09b4-4af6-b477-935c1862ac7f" />
		<resource>
			<Patient xmlns="http://hl7.org/fhir">
				<id value="fc0d145b-09b4-4af6-b477-935c1862ac7f" />
				<meta>
					<profile value="https://fhir.kbv.de/StructureDefinition/KBV_PR_FOR_Patient|1.0.3" />
				</meta>
				<identifier>
					<type>
						<coding>
							<system value="http://fhir.de/CodeSystem/identifier-type-de-basis" />
							<code value="PKV" />
						</coding>
					</type>
					<value value="INSERT_PATIENT-KVNR_HERE" />
					<assigner>
                        <reference value="Organization/4a834cd3-9237-957f-44b3-f87647692762" />
                        <display value="INSERT_KASSEN-NAME_HERE_MAXLENGTH_STRING_IS_45"/>
                    </assigner>
				</identifier>
				<name>
					<use value="official" />
					<family value="Graf Freiherr von Schinder">
						<extension url="http://fhir.de/StructureDefinition/humanname-namenszusatz">
							<valueString value="Graf Freiherr" />
						</extension>
						<extension url="http://hl7.org/fhir/StructureDefinition/humanname-own-prefix">
							<valueString value="von" />
						</extension>
						<extension url="http://hl7.org/fhir/StructureDefinition/humanname-own-name">
							<valueString value="Schinder" />
						</extension>
					</family>
					<given value="Lars" />
					<prefix value="Prinzessin">
						<extension url="http://hl7.org/fhir/StructureDefinition/iso21090-EN-qualifier">
							<valueCode value="AC" />
						</extension>
					</prefix>
				</name>
				<birthDate value="1964-04-04" />
				<address>
					<type value="both" />
					<line value="Siegburger Str. 155">
						<extension url="http://hl7.org/fhir/StructureDefinition/iso21090-ADXP-houseNumber">
							<valueString value="155" />
						</extension>
						<extension url="http://hl7.org/fhir/StructureDefinition/iso21090-ADXP-streetName">
							<valueString value="Siegburger Str." />
						</extension>
					</line>
					<city value="Köln" />
					<postalCode value="51105" />
					<country value="D" />
				</address>
			</Patient>
		</resource>
	</entry>
	<entry>
		<fullUrl value="http://pvs.praxis.local/fhir/Practitioner/0c4e1a54-8a42-4d3d-a12c-0bbf2db48570" />
		<resource>
			<Practitioner xmlns="http://hl7.org/fhir">
				<id value="0c4e1a54-8a42-4d3d-a12c-0bbf2db48570" />
				<meta>
					<profile value="https://fhir.kbv.de/StructureDefinition/KBV_PR_FOR_Practitioner|1.0.3" />
				</meta>
				<identifier>
					<type>
						<coding>
							<system value="http://terminology.hl7.org/CodeSystem/v2-0203" />
							<code value="LANR" />
						</coding>
					</type>
					<system value="https://fhir.kbv.de/NamingSystem/KBV_NS_Base_ANR" />
					<value value="384769701" />
				</identifier>
				<name>
					<use value="official" />
					<family value="Becker">
						<extension url="http://hl7.org/fhir/StructureDefinition/humanname-own-name">
							<valueString value="Becker" />
						</extension>
					</family>
					<given value="Emilia" />
				</name>
				<qualification>
					<code>
						<coding>
							<system value="https://fhir.kbv.de/CodeSystem/KBV_CS_FOR_Qualification_Type" />
							<code value="00" />
						</coding>
					</code>
				</qualification>
				<qualification>
					<code>
						<text value="Fachärztin für Psychiatrie und Psychotherapie" />
					</code>
				</qualification>
			</Practitioner>
		</resource>
	</entry>
	<entry>
		<fullUrl value="http://pvs.praxis.local/fhir/Organization/4ad4ae52-bd62-4cbd-bae9-7f7d6ece3fd2" />
		<resource>
			<Organization xmlns="http://hl7.org/fhir">
				<id value="4ad4ae52-bd62-4cbd-bae9-7f7d6ece3fd2" />
				<meta>
					<profile value="https://fhir.kbv.de/StructureDefinition/KBV_PR_FOR_Organization|1.0.3" />
				</meta>
				<identifier>
					<type>
						<coding>
							<system value="http://terminology.hl7.org/CodeSystem/v2-0203" />
							<code value="BSNR" />
						</coding>
					</type>
					<system value="https://fhir.kbv.de/NamingSystem/KBV_NS_Base_BSNR" />
					<value value="723333300" />
				</identifier>
				<name value="Praxis für Psychiatrie und Psychotherapie" />
				<telecom>
					<system value="phone" />
					<value value="030369258147" />
				</telecom>
				<address>
					<type value="both" />
					<line value="Herbert-Lewin-Platz 2">
						<extension url="http://hl7.org/fhir/StructureDefinition/iso21090-ADXP-houseNumber">
							<valueString value="2" />
						</extension>
						<extension url="http://hl7.org/fhir/StructureDefinition/iso21090-ADXP-streetName">
							<valueString value="Herbert-Lewin-Platz" />
						</extension>
					</line>
					<city value="Berlin" />
					<postalCode value="10623" />
					<country value="D" />
				</address>
			</Organization>
		</resource>
	</entry>
	<entry>
		<fullUrl value="http://pvs.praxis.local/fhir/Coverage/69b3bbb6-2d37-4676-baf1-af97ba2ba4ad" />
		<resource>
			<Coverage xmlns="http://hl7.org/fhir">
				<id value="69b3bbb6-2d37-4676-baf1-af97ba2ba4ad" />
				<meta>
					<profile value="https://fhir.kbv.de/StructureDefinition/KBV_PR_FOR_Coverage|1.0.3" />
				</meta>
				<extension url="http://fhir.de/StructureDefinition/gkv/besondere-personengruppe">
					<valueCoding>
						<system value="https://fhir.kbv.de/CodeSystem/KBV_CS_SFHIR_KBV_PERSONENGRUPPE" />
						<code value="00" />
					</valueCoding>
				</extension>
				<extension url="http://fhir.de/StructureDefinition/gkv/dmp-kennzeichen">
					<valueCoding>
						<system value="https://fhir.kbv.de/CodeSystem/KBV_CS_SFHIR_KBV_DMP" />
						<code value="00" />
					</valueCoding>
				</extension>
				<extension url="http://fhir.de/StructureDefinition/gkv/wop">
					<valueCoding>
						<system value="https://fhir.kbv.de/CodeSystem/KBV_CS_SFHIR_ITA_WOP" />
						<code value="38" />
					</valueCoding>
				</extension>
				<extension url="http://fhir.de/StructureDefinition/gkv/versichertenart">
					<valueCoding>
						<system value="https://fhir.kbv.de/CodeSystem/KBV_CS_SFHIR_KBV_VERSICHERTENSTATUS" />
						<code value="1" />
					</valueCoding>
				</extension>
				<status value="active" />
				<type>
					<coding>
						<system value="http://fhir.de/CodeSystem/versicherungsart-de-basis" />
						<code value="PKV" />
					</coding>
				</type>
				<beneficiary>
					<reference value="Patient/fc0d145b-09b4-4af6-b477-935c1862ac7f" />
				</beneficiary>
				<payor>
					<identifier>
						<system value="http://fhir.de/NamingSystem/arge-ik/iknr" />
						<value value="INSERT_KASSEN-IK_HERE" />
					</identifier>
					<display value="INSERT_KASSEN-NAME_HERE_MAXLENGTH_STRING_IS_45" />
				</payor>
			</Coverage>
		</resource>
	</entry>
	<entry>
        <fullUrl value="http://pvs.praxis.local/fhir/Organization/4a834cd3-9237-957f-44b3-f87647692762" />
        <resource>
            <Organization>
                <id value="4a834cd3-9237-957f-44b3-f87647692762" />
                <meta>
                    <profile value="https://fhir.kbv.de/StructureDefinition/KBV_PR_FOR_Organization|1.0.3" />
                </meta>
                <identifier>
                    <type>
                        <coding>
                            <system value="http://terminology.hl7.org/CodeSystem/v2-0203" />
                            <code value="XX" />
                        </coding>
                    </type>
                    <system value="http://fhir.de/NamingSystem/arge-ik/iknr" />
                    <value value="INSERT_KASSEN-IK_HERE" />
                </identifier>
                <name value="INSERT_KASSEN-NAME_HERE_MAXLENGTH_STRING_IS_45" />
                <telecom>
                    <system value="phone" />
                    <value value="0301111111" />
                </telecom>
            </Organization>
        </resource>
    </entry>
</Bundle>
