<Bundle xmlns="http://hl7.org/fhir">
	<id value="914b7619-621e-4270-a2b5-1cdf95c87d14" />
	<meta>
		<lastUpdated value="2021-04-06T08:30:00Z" />
		<profile value="https://fhir.kbv.de/StructureDefinition/KBV_PR_ERP_Bundle|1.0.2" />
	</meta>
	<identifier>
		<system value="https://gematik.de/fhir/NamingSystem/PrescriptionID" />
		<value value="160.100.000.000.009.15" />
	</identifier>
	<type value="document" />
	<timestamp value="2021-11-12T15:30:00Z"/>
	<entry>
		<fullUrl value="http://pvs.praxis.local/fhir/Composition/967f5e06-30ce-4229-9eff-4ac8514a87e9" />
		<resource>
			<Composition xmlns="http://hl7.org/fhir">
				<id value="967f5e06-30ce-4229-9eff-4ac8514a87e9" />
				<meta>
					<profile value="https://fhir.kbv.de/StructureDefinition/KBV_PR_ERP_Composition|1.0.2" />
				</meta>
				<extension url="https://fhir.kbv.de/StructureDefinition/KBV_EX_FOR_PKV_Tariff">
                    <valueCoding>
                        <system value="https://fhir.kbv.de/CodeSystem/KBV_CS_SFHIR_KBV_PKV_TARIFF" />
                        <code value="02" />
                    </valueCoding>
                </extension>
				<status value="final" />
				<type>
					<coding>
						<system value="https://fhir.kbv.de/CodeSystem/KBV_CS_SFHIR_KBV_FORMULAR_ART" />
						<code value="e16A" />
					</coding>
				</type>
				<subject>
					<reference value="Patient/ce4104af-b86b-4664-afee-1b5fc3ac8acf" />
				</subject>
				<date value="2021-11-12T15:00:00Z"/>
				<author>
					<reference value="Practitioner/d6f3b55d-3095-4655-96dc-da3bec21271c" />
					<type value="Practitioner" />
				</author>
				<author>
					<type value="Device" />
					<identifier>
						<system value="https://fhir.kbv.de/NamingSystem/KBV_NS_FOR_Pruefnummer" />
						<value value="Y/410/2107/36/999" />
					</identifier>
				</author>
				<title value="elektronische Arzneimittelverordnung" />
				<custodian>
					<reference value="Organization/2a555cd3-0543-483c-88b3-f68647620962" />
				</custodian>
				<section>
					<code>
						<coding>
							<system value="https://fhir.kbv.de/CodeSystem/KBV_CS_ERP_Section_Type" />
							<code value="Prescription" />
						</coding>
					</code>
					<entry>
						<reference value="MedicationRequest/06080621-7d27-448f-8c83-065dd25aa098" />
					</entry>
				</section>
				<section>
					<code>
						<coding>
							<system value="https://fhir.kbv.de/CodeSystem/KBV_CS_ERP_Section_Type" />
							<code value="Coverage" />
						</coding>
					</code>
					<entry>
						<reference value="Coverage/da80211e-61ee-458e-a651-87370b6ec30c" />
					</entry>
				</section>
			</Composition>
		</resource>
	</entry>
	<entry>
		<fullUrl value="http://pvs.praxis.local/fhir/MedicationRequest/06080621-7d27-448f-8c83-065dd25aa098" />
		<resource>
			<MedicationRequest xmlns="http://hl7.org/fhir">
				<id value="06080621-7d27-448f-8c83-065dd25aa098"/>
				<meta>
					<profile value="https://fhir.kbv.de/StructureDefinition/KBV_PR_ERP_Prescription|1.0.2"/>
				</meta>
				<extension url="https://fhir.kbv.de/StructureDefinition/KBV_EX_ERP_StatusCoPayment">
					<valueCoding>
						<system value="https://fhir.kbv.de/CodeSystem/KBV_CS_ERP_StatusCoPayment"/>
						<code value="0"/>
					</valueCoding>
				</extension>
				<extension url="https://fhir.kbv.de/StructureDefinition/KBV_EX_ERP_EmergencyServicesFee">
					<valueBoolean value="false"/>
				</extension>
				<extension url="https://fhir.kbv.de/StructureDefinition/KBV_EX_ERP_BVG">
					<valueBoolean value="false"/>
				</extension>
				<extension url="https://fhir.kbv.de/StructureDefinition/KBV_EX_ERP_Multiple_Prescription">
					<extension url="Kennzeichen">
						<valueBoolean value="false"/>
					</extension>
				</extension>
				<status value="active"/>
				<intent value="order"/>
				<medicationReference>
					<reference value="Medication/bd9c93a5-1172-4971-87a9-351504db765e"/>
				</medicationReference>
				<subject>
					<reference value="Patient/ce4104af-b86b-4664-afee-1b5fc3ac8acf"/>
				</subject>
				<authoredOn value="INSERT_yyyy-mm-dd_HERE" />
				<requester>
					<reference value="Practitioner/d6f3b55d-3095-4655-96dc-da3bec21271c"/>
				</requester>
				<insurance>
					<reference value="Coverage/da80211e-61ee-458e-a651-87370b6ec30c"/>
				</insurance>
				<dosageInstruction>
					<extension url="https://fhir.kbv.de/StructureDefinition/KBV_EX_ERP_DosageFlag">
						<valueBoolean value="false"/>
					</extension>
				</dosageInstruction>
				<dispenseRequest>
					<quantity>
						<value value="1"/>
						<system value="http://unitsofmeasure.org"/>
						<code value="{Package}"/>
					</quantity>
				</dispenseRequest>
				<substitution>
					<allowedBoolean value="true"/>
				</substitution>
			</MedicationRequest>
		</resource>
	</entry>
	<entry>
		<fullUrl value="http://pvs.praxis.local/fhir/Medication/bd9c93a5-1172-4971-87a9-351504db765e" />
		<resource>
			<Medication xmlns="http://hl7.org/fhir">
				<id value="bd9c93a5-1172-4971-87a9-351504db765e"/>
				<meta>
					<profile value="https://fhir.kbv.de/StructureDefinition/KBV_PR_ERP_Medication_PZN|1.0.2"/>
				</meta>
				<extension url="https://fhir.kbv.de/StructureDefinition/KBV_EX_ERP_Medication_Category">
					<valueCoding>
						<system value="https://fhir.kbv.de/CodeSystem/KBV_CS_ERP_Medication_Category"/>
						<code value="00"/>
					</valueCoding>
				</extension>
				<extension url="https://fhir.kbv.de/StructureDefinition/KBV_EX_ERP_Medication_Vaccine">
					<valueBoolean value="true"/>
				</extension>
				<extension url="http://fhir.de/StructureDefinition/normgroesse">
					<valueCode value="N1"/>
				</extension>
				<code>
					<coding>
						<system value="http://fhir.de/CodeSystem/ifa/pzn"/>
						<code value="00747182"/>
					</coding>
					<text value="FSME IMMUN Erwachsene Injek.Sus.i.e.Fertigspr."/>
				</code>
				<form>
					<coding>
						<system value="https://fhir.kbv.de/CodeSystem/KBV_CS_SFHIR_KBV_DARREICHUNGSFORM"/>
						<code value="FER"/>
					</coding>
				</form>
			</Medication>
		</resource>
	</entry>
	<entry>
		<fullUrl value="http://pvs.praxis.local/fhir/Patient/ce4104af-b86b-4664-afee-1b5fc3ac8acf" />
		<resource>
			<Patient xmlns="http://hl7.org/fhir">
				<id value="ce4104af-b86b-4664-afee-1b5fc3ac8acf" />
				<meta>
					<profile value="https://fhir.kbv.de/StructureDefinition/KBV_PR_FOR_Patient|1.0.3" />
				</meta>
				<identifier>
					<type>
						<coding>
							<system value="http://fhir.de/CodeSystem/identifier-type-de-basis" />
							<code value="PKV" />
						</coding>
					</type>
					<value value="INSERT_PATIENT-KVNR_HERE" />
					<assigner>
                        <reference value="Organization/4a834cd3-9237-957f-44b3-f87647692762" />
                        <display value="INSERT_KASSEN-NAME_HERE_MAXLENGTH_STRING_IS_45"/>
                    </assigner>
				</identifier>
				<name>
					<use value="official" />
					<family value="Schinder">
						<extension url="http://hl7.org/fhir/StructureDefinition/humanname-own-name">
							<valueString value="Schinder" />
						</extension>
					</family>
					<given value="Lars" />
					<prefix value="Prinzessin">
						<extension url="http://hl7.org/fhir/StructureDefinition/iso21090-EN-qualifier">
							<valueCode value="AC" />
						</extension>
					</prefix>
				</name>
				<birthDate value="1982-01-03" />
				<address>
					<type value="both" />
					<line value="Pflasterhofweg 111B">
						<extension url="http://hl7.org/fhir/StructureDefinition/iso21090-ADXP-houseNumber">
							<valueString value="111B" />
						</extension>
						<extension url="http://hl7.org/fhir/StructureDefinition/iso21090-ADXP-streetName">
							<valueString value="Pflasterhofweg" />
						</extension>
					</line>
					<city value="Köln" />
					<postalCode value="50999" />
					<country value="D" />
				</address>
			</Patient>
		</resource>
	</entry>
	<entry>
		<fullUrl value="http://pvs.praxis.local/fhir/Practitioner/d6f3b55d-3095-4655-96dc-da3bec21271c" />
		<resource>
			<Practitioner xmlns="http://hl7.org/fhir">
				<id value="d6f3b55d-3095-4655-96dc-da3bec21271c" />
				<meta>
					<profile value="https://fhir.kbv.de/StructureDefinition/KBV_PR_FOR_Practitioner|1.0.3" />
				</meta>
				<identifier>
					<type>
						<coding>
							<system value="http://terminology.hl7.org/CodeSystem/v2-0203" />
							<code value="LANR" />
						</coding>
					</type>
					<system value="https://fhir.kbv.de/NamingSystem/KBV_NS_Base_ANR" />
					<value value="384769701" />
				</identifier>
				<name>
					<use value="official" />
					<family value="Schulz">
						<extension url="http://hl7.org/fhir/StructureDefinition/humanname-own-name">
							<valueString value="Schulz" />
						</extension>
					</family>
					<given value="Ben" />
				</name>
				<qualification>
					<code>
						<coding>
							<system value="https://fhir.kbv.de/CodeSystem/KBV_CS_FOR_Qualification_Type" />
							<code value="00" />
						</coding>
					</code>
				</qualification>
				<qualification>
					<code>
						<text value="Facharzt für Allgemeinmedizin" />
					</code>
				</qualification>
			</Practitioner>
		</resource>
	</entry>
	<entry>
		<fullUrl value="http://pvs.praxis.local/fhir/Organization/2a555cd3-0543-483c-88b3-f68647620962" />
		<resource>
			<Organization xmlns="http://hl7.org/fhir">
				<id value="2a555cd3-0543-483c-88b3-f68647620962" />
				<meta>
					<profile value="https://fhir.kbv.de/StructureDefinition/KBV_PR_FOR_Organization|1.0.3" />
				</meta>
				<identifier>
					<type>
						<coding>
							<system value="http://terminology.hl7.org/CodeSystem/v2-0203" />
							<code value="BSNR" />
						</coding>
					</type>
					<system value="https://fhir.kbv.de/NamingSystem/KBV_NS_Base_BSNR" />
					<value value="724444400" />
				</identifier>
				<name value="Hausarztpraxis" />
				<telecom>
					<system value="phone" />
					<value value="030321654987" />
				</telecom>
				<address>
					<type value="both" />
					<line value="Herbert-Lewin-Platz 2">
						<extension url="http://hl7.org/fhir/StructureDefinition/iso21090-ADXP-houseNumber">
							<valueString value="2" />
						</extension>
						<extension url="http://hl7.org/fhir/StructureDefinition/iso21090-ADXP-streetName">
							<valueString value="Herbert-Lewin-Platz" />
						</extension>
					</line>
					<city value="Berlin" />
					<postalCode value="10623" />
					<country value="D" />
				</address>
			</Organization>
		</resource>
	</entry>
	<entry>
		<fullUrl value="http://pvs.praxis.local/fhir/Coverage/da80211e-61ee-458e-a651-87370b6ec30c" />
		<resource>
			<Coverage xmlns="http://hl7.org/fhir">
				<id value="da80211e-61ee-458e-a651-87370b6ec30c" />
				<meta>
					<profile value="https://fhir.kbv.de/StructureDefinition/KBV_PR_FOR_Coverage|1.0.3" />
				</meta>
				<extension url="http://fhir.de/StructureDefinition/gkv/besondere-personengruppe">
					<valueCoding>
						<system value="https://fhir.kbv.de/CodeSystem/KBV_CS_SFHIR_KBV_PERSONENGRUPPE" />
						<code value="00" />
					</valueCoding>
				</extension>
				<extension url="http://fhir.de/StructureDefinition/gkv/dmp-kennzeichen">
					<valueCoding>
						<system value="https://fhir.kbv.de/CodeSystem/KBV_CS_SFHIR_KBV_DMP" />
						<code value="00" />
					</valueCoding>
				</extension>
				<extension url="http://fhir.de/StructureDefinition/gkv/wop">
					<valueCoding>
						<system value="https://fhir.kbv.de/CodeSystem/KBV_CS_SFHIR_ITA_WOP" />
						<code value="38" />
					</valueCoding>
				</extension>
				<extension url="http://fhir.de/StructureDefinition/gkv/versichertenart">
					<valueCoding>
						<system value="https://fhir.kbv.de/CodeSystem/KBV_CS_SFHIR_KBV_VERSICHERTENSTATUS" />
						<code value="3" />
					</valueCoding>
				</extension>
				<status value="active" />
				<type>
					<coding>
						<system value="http://fhir.de/CodeSystem/versicherungsart-de-basis" />
						<code value="PKV" />
					</coding>
				</type>
				<beneficiary>
					<reference value="Patient/ce4104af-b86b-4664-afee-1b5fc3ac8acf" />
				</beneficiary>
				<payor>
					<identifier>
						<system value="http://fhir.de/NamingSystem/arge-ik/iknr" />
						<value value="INSERT_KASSEN-IK_HERE" />
					</identifier>
					<display value="INSERT_KASSEN-NAME_HERE_MAXLENGTH_STRING_IS_45" />
				</payor>
			</Coverage>
		</resource>
	</entry>
	<entry>
        <fullUrl value="http://pvs.praxis.local/fhir/Organization/4a834cd3-9237-957f-44b3-f87647692762" />
        <resource>
            <Organization>
                <id value="4a834cd3-9237-957f-44b3-f87647692762" />
                <meta>
                    <profile value="https://fhir.kbv.de/StructureDefinition/KBV_PR_FOR_Organization|1.0.3" />
                </meta>
                <identifier>
                    <type>
                        <coding>
                            <system value="http://terminology.hl7.org/CodeSystem/v2-0203" />
                            <code value="XX" />
                        </coding>
                    </type>
                    <system value="http://fhir.de/NamingSystem/arge-ik/iknr" />
                    <value value="INSERT_KASSEN-IK_HERE" />
                </identifier>
                <name value="INSERT_KASSEN-NAME_HERE_MAXLENGTH_STRING_IS_45" />
                <telecom>
                    <system value="phone" />
                    <value value="0301111111" />
                </telecom>
            </Organization>
        </resource>
    </entry>
</Bundle>
