<Bundle xmlns="http://hl7.org/fhir">
	<id value="5a3458b0-8364-4682-96e2-b262b2ab16eb" />
	<meta>
		<lastUpdated value="2021-04-06T08:30:00Z" />
		<profile value="https://fhir.kbv.de/StructureDefinition/KBV_PR_ERP_Bundle|1.0.2" />
	</meta>
	<identifier>
		<system value="https://gematik.de/fhir/NamingSystem/PrescriptionID" />
		<value value="160.100.000.000.005.27" />
	</identifier>
	<type value="document" />
	<timestamp value="2021-11-12T15:30:00Z"/>
	<entry>
		<fullUrl value="http://pvs.praxis.local/fhir/Composition/72893c05-dd21-4dac-b6aa-025ccff54345" />
		<resource>
			<Composition xmlns="http://hl7.org/fhir">
				<id value="72893c05-dd21-4dac-b6aa-025ccff54345" />
				<meta>
					<profile value="https://fhir.kbv.de/StructureDefinition/KBV_PR_ERP_Composition|1.0.2" />
				</meta>
				<extension url="https://fhir.kbv.de/StructureDefinition/KBV_EX_FOR_PKV_Tariff">
                    <valueCoding>
                        <system value="https://fhir.kbv.de/CodeSystem/KBV_CS_SFHIR_KBV_PKV_TARIFF" />
                        <code value="01" />
                    </valueCoding>
                </extension>
				<status value="final" />
				<type>
					<coding>
						<system value="https://fhir.kbv.de/CodeSystem/KBV_CS_SFHIR_KBV_FORMULAR_ART" />
						<code value="e16A" />
					</coding>
				</type>
				<subject>
					<reference value="Patient/93866fdc-3e50-4902-a7e9-891b54737b5e" />
				</subject>
				<date value="2021-11-12T15:00:00Z"/>
				<author>
					<reference value="Practitioner/d6f3b55d-3095-4655-96dc-da3bec21271c" />
					<type value="Practitioner" />
				</author>
				<author>
					<type value="Device" />
					<identifier>
						<system value="https://fhir.kbv.de/NamingSystem/KBV_NS_FOR_Pruefnummer" />
						<value value="Y/410/2107/36/999" />
					</identifier>
				</author>
				<title value="elektronische Arzneimittelverordnung" />
				<custodian>
					<reference value="Organization/2a555cd3-0543-483c-88b3-f68647620962" />
				</custodian>
				<section>
					<code>
						<coding>
							<system value="https://fhir.kbv.de/CodeSystem/KBV_CS_ERP_Section_Type" />
							<code value="Prescription" />
						</coding>
					</code>
					<entry>
						<reference value="MedicationRequest/9519cacf-7fe2-4193-8c2e-0c2c615436af" />
					</entry>
				</section>
				<section>
					<code>
						<coding>
							<system value="https://fhir.kbv.de/CodeSystem/KBV_CS_ERP_Section_Type" />
							<code value="Coverage" />
						</coding>
					</code>
					<entry>
						<reference value="Coverage/1b89236c-ab14-4e92-937e-5af0b59d0cd4" />
					</entry>
				</section>
			</Composition>
		</resource>
	</entry>
	<entry>
		<fullUrl value="http://pvs.praxis.local/fhir/MedicationRequest/9519cacf-7fe2-4193-8c2e-0c2c615436af" />
		<resource>
			<MedicationRequest xmlns="http://hl7.org/fhir">
				<id value="9519cacf-7fe2-4193-8c2e-0c2c615436af"/>
				<meta>
					<profile value="https://fhir.kbv.de/StructureDefinition/KBV_PR_ERP_Prescription|1.0.2"/>
				</meta>
				<extension url="https://fhir.kbv.de/StructureDefinition/KBV_EX_ERP_StatusCoPayment">
					<valueCoding>
						<system value="https://fhir.kbv.de/CodeSystem/KBV_CS_ERP_StatusCoPayment"/>
						<code value="0"/>
					</valueCoding>
				</extension>
				<extension url="https://fhir.kbv.de/StructureDefinition/KBV_EX_ERP_EmergencyServicesFee">
					<valueBoolean value="false"/>
				</extension>
				<extension url="https://fhir.kbv.de/StructureDefinition/KBV_EX_ERP_BVG">
					<valueBoolean value="false"/>
				</extension>
				<extension url="https://fhir.kbv.de/StructureDefinition/KBV_EX_ERP_Accident">
					<extension url="unfallkennzeichen">
						<valueCoding>
							<system value="https://fhir.kbv.de/CodeSystem/KBV_CS_FOR_Ursache_Type"/>
							<code value="1"/>
						</valueCoding>
					</extension>
					<extension url="unfalltag">
						<valueDate value="2021-04-01"/>
					</extension>
				</extension>
				<extension url="https://fhir.kbv.de/StructureDefinition/KBV_EX_ERP_Multiple_Prescription">
					<extension url="Kennzeichen">
						<valueBoolean value="false"/>
					</extension>
				</extension>
				<status value="active"/>
				<intent value="order"/>
				<medicationReference>
					<reference value="Medication/af2c41be-8e6b-439d-ae65-2851b520a6f5"/>
				</medicationReference>
				<subject>
					<reference value="Patient/93866fdc-3e50-4902-a7e9-891b54737b5e"/>
				</subject>
				<authoredOn value="INSERT_yyyy-mm-dd_HERE" />
				<requester>
					<reference value="Practitioner/d6f3b55d-3095-4655-96dc-da3bec21271c"/>
				</requester>
				<insurance>
					<reference value="Coverage/1b89236c-ab14-4e92-937e-5af0b59d0cd4"/>
				</insurance>
				<dosageInstruction>
					<extension url="https://fhir.kbv.de/StructureDefinition/KBV_EX_ERP_DosageFlag">
						<valueBoolean value="true"/>
					</extension>
					<text value="bis zu 4mal täglich je 20-40 Tropfen"/>
				</dosageInstruction>
				<dispenseRequest>
					<quantity>
						<value value="1"/>
						<system value="http://unitsofmeasure.org"/>
						<code value="{Package}"/>
					</quantity>
				</dispenseRequest>
				<substitution>
					<allowedBoolean value="true"/>
				</substitution>
			</MedicationRequest>
		</resource>
	</entry>
	<entry>
		<fullUrl value="http://pvs.praxis.local/fhir/Medication/af2c41be-8e6b-439d-ae65-2851b520a6f5" />
		<resource>
			<Medication xmlns="http://hl7.org/fhir">
				<id value="af2c41be-8e6b-439d-ae65-2851b520a6f5"/>
				<meta>
					<profile value="https://fhir.kbv.de/StructureDefinition/KBV_PR_ERP_Medication_PZN|1.0.2"/>
				</meta>
				<extension url="https://fhir.kbv.de/StructureDefinition/KBV_EX_ERP_Medication_Category">
					<valueCoding>
						<system value="https://fhir.kbv.de/CodeSystem/KBV_CS_ERP_Medication_Category"/>
						<code value="00"/>
					</valueCoding>
				</extension>
				<extension url="https://fhir.kbv.de/StructureDefinition/KBV_EX_ERP_Medication_Vaccine">
					<valueBoolean value="false"/>
				</extension>
				<code>
					<coding>
						<system value="http://fhir.de/CodeSystem/ifa/pzn"/>
						<code value="03507952"/>
					</coding>
					<text value="Novaminsulfon 500 mg Lichtenstein 100 ml Tropf. N3"/>
				</code>
				<form>
					<coding>
						<system value="https://fhir.kbv.de/CodeSystem/KBV_CS_SFHIR_KBV_DARREICHUNGSFORM"/>
						<code value="TEI"/>
					</coding>
				</form>
				<amount>
					<numerator>
						<value value="100"/>
						<unit value="ml"/>
						<system value="http://unitsofmeasure.org"/>
						<code value="{tbl}"/>
					</numerator>
					<denominator>
						<value value="1"/>
					</denominator>
				</amount>
			</Medication>
		</resource>
	</entry>
	<entry>
		<fullUrl value="http://pvs.praxis.local/fhir/Patient/93866fdc-3e50-4902-a7e9-891b54737b5e" />
		<resource>
			<Patient xmlns="http://hl7.org/fhir">
				<id value="93866fdc-3e50-4902-a7e9-891b54737b5e" />
				<meta>
					<profile value="https://fhir.kbv.de/StructureDefinition/KBV_PR_FOR_Patient|1.0.3" />
				</meta>
				<identifier>
					<type>
						<coding>
							<system value="http://fhir.de/CodeSystem/identifier-type-de-basis" />
							<code value="PKV" />
						</coding>
					</type>
					<value value="INSERT_PATIENT-KVNR_HERE" />
					<assigner>
                        <reference value="Organization/4a834cd3-9237-957f-44b3-f87647692762" />
                        <display value="INSERT_KASSEN-NAME_HERE_MAXLENGTH_STRING_IS_45"/>
                    </assigner>
				</identifier>
				<name>
					<use value="official" />
					<family value="Schinder">
						<extension url="http://hl7.org/fhir/StructureDefinition/humanname-own-name">
							<valueString value="Schinder" />
						</extension>
					</family>
					<given value="Lars" />
				</name>
				<birthDate value="1935-06-22" />
				<address>
					<type value="both" />
					<line value="Blumenweg">
						<extension url="http://hl7.org/fhir/StructureDefinition/iso21090-ADXP-streetName">
							<valueString value="Blumenweg" />
						</extension>
					</line>
					<city value="Esens" />
					<postalCode value="26427" />
					<country value="D" />
				</address>
			</Patient>
		</resource>
	</entry>
	<entry>
		<fullUrl value="http://pvs.praxis.local/fhir/Practitioner/d6f3b55d-3095-4655-96dc-da3bec21271c" />
		<resource>
			<Practitioner xmlns="http://hl7.org/fhir">
				<id value="d6f3b55d-3095-4655-96dc-da3bec21271c" />
				<meta>
					<profile value="https://fhir.kbv.de/StructureDefinition/KBV_PR_FOR_Practitioner|1.0.3" />
				</meta>
				<identifier>
					<type>
						<coding>
							<system value="http://terminology.hl7.org/CodeSystem/v2-0203" />
							<code value="LANR" />
						</coding>
					</type>
					<system value="https://fhir.kbv.de/NamingSystem/KBV_NS_Base_ANR" />
					<value value="384769701" />
				</identifier>
				<name>
					<use value="official" />
					<family value="Schulz">
						<extension url="http://hl7.org/fhir/StructureDefinition/humanname-own-name">
							<valueString value="Schulz" />
						</extension>
					</family>
					<given value="Ben" />
				</name>
				<qualification>
					<code>
						<coding>
							<system value="https://fhir.kbv.de/CodeSystem/KBV_CS_FOR_Qualification_Type" />
							<code value="00" />
						</coding>
					</code>
				</qualification>
				<qualification>
					<code>
						<text value="Facharzt für Allgemeinmedizin" />
					</code>
				</qualification>
			</Practitioner>
		</resource>
	</entry>
	<entry>
		<fullUrl value="http://pvs.praxis.local/fhir/Organization/2a555cd3-0543-483c-88b3-f68647620962" />
		<resource>
			<Organization xmlns="http://hl7.org/fhir">
				<id value="2a555cd3-0543-483c-88b3-f68647620962" />
				<meta>
					<profile value="https://fhir.kbv.de/StructureDefinition/KBV_PR_FOR_Organization|1.0.3" />
				</meta>
				<identifier>
					<type>
						<coding>
							<system value="http://terminology.hl7.org/CodeSystem/v2-0203" />
							<code value="BSNR" />
						</coding>
					</type>
					<system value="https://fhir.kbv.de/NamingSystem/KBV_NS_Base_BSNR" />
					<value value="724444400" />
				</identifier>
				<name value="Hausarztpraxis" />
				<telecom>
					<system value="phone" />
					<value value="030321654987" />
				</telecom>
				<telecom>
					<system value="email" />
					<value value="hausarztpraxis@e-mail.de" />
				</telecom>
				<address>
					<type value="both" />
					<line value="Herbert-Lewin-Platz 2">
						<extension url="http://hl7.org/fhir/StructureDefinition/iso21090-ADXP-houseNumber">
							<valueString value="2" />
						</extension>
						<extension url="http://hl7.org/fhir/StructureDefinition/iso21090-ADXP-streetName">
							<valueString value="Herbert-Lewin-Platz" />
						</extension>
					</line>
					<line value="Erdgeschoss">
						<extension url="http://hl7.org/fhir/StructureDefinition/iso21090-ADXP-additionalLocator">
							<valueString value="Erdgeschoss" />
						</extension>
					</line>
					<city value="Berlin" />
					<postalCode value="10623" />
					<country value="D" />
				</address>
			</Organization>
		</resource>
	</entry>
	<entry>
		<fullUrl value="http://pvs.praxis.local/fhir/Coverage/1b89236c-ab14-4e92-937e-5af0b59d0cd4" />
		<resource>
			<Coverage xmlns="http://hl7.org/fhir">
				<id value="1b89236c-ab14-4e92-937e-5af0b59d0cd4" />
				<meta>
					<profile value="https://fhir.kbv.de/StructureDefinition/KBV_PR_FOR_Coverage|1.0.3" />
				</meta>
				<extension url="http://fhir.de/StructureDefinition/gkv/besondere-personengruppe">
					<valueCoding>
						<system value="https://fhir.kbv.de/CodeSystem/KBV_CS_SFHIR_KBV_PERSONENGRUPPE" />
						<code value="00" />
					</valueCoding>
				</extension>
				<extension url="http://fhir.de/StructureDefinition/gkv/dmp-kennzeichen">
					<valueCoding>
						<system value="https://fhir.kbv.de/CodeSystem/KBV_CS_SFHIR_KBV_DMP" />
						<code value="05" />
					</valueCoding>
				</extension>
				<extension url="http://fhir.de/StructureDefinition/gkv/wop">
					<valueCoding>
						<system value="https://fhir.kbv.de/CodeSystem/KBV_CS_SFHIR_ITA_WOP" />
						<code value="17" />
					</valueCoding>
				</extension>
				<extension url="http://fhir.de/StructureDefinition/gkv/versichertenart">
					<valueCoding>
						<system value="https://fhir.kbv.de/CodeSystem/KBV_CS_SFHIR_KBV_VERSICHERTENSTATUS" />
						<code value="5" />
					</valueCoding>
				</extension>
				<status value="active" />
				<type>
					<coding>
						<system value="http://fhir.de/CodeSystem/versicherungsart-de-basis" />
						<code value="PKV" />
					</coding>
				</type>
				<beneficiary>
					<reference value="Patient/93866fdc-3e50-4902-a7e9-891b54737b5e" />
				</beneficiary>
				<payor>
					<identifier>
						<system value="http://fhir.de/NamingSystem/arge-ik/iknr" />
						<value value="INSERT_KASSEN-IK_HERE" />
					</identifier>
					<display value="INSERT_KASSEN-NAME_HERE_MAXLENGTH_STRING_IS_45" />
				</payor>
			</Coverage>
		</resource>
	</entry>
	<entry>
		<fullUrl value="http://pvs.praxis.local/fhir/PractitionerRole/34329d70-ccb5-43ae-b551-e5368022b226" />
		<resource>
			<PractitionerRole xmlns="http://hl7.org/fhir">
				<id value="34329d70-ccb5-43ae-b551-e5368022b226" />
				<meta>
					<profile value="https://fhir.kbv.de/StructureDefinition/KBV_PR_FOR_PractitionerRole|1.0.3" />
				</meta>
				<practitioner>
					<reference value="Practitioner/d6f3b55d-3095-4655-96dc-da3bec21271c" />
				</practitioner>
				<organization>
					<identifier>
						<system value="http://fhir.de/NamingSystem/asv/teamnummer" />
						<value value="003456788" />
					</identifier>
				</organization>
			</PractitionerRole>
		</resource>
	</entry>
	<entry>
        <fullUrl value="http://pvs.praxis.local/fhir/Organization/4a834cd3-9237-957f-44b3-f87647692762" />
        <resource>
            <Organization>
                <id value="4a834cd3-9237-957f-44b3-f87647692762" />
                <meta>
                    <profile value="https://fhir.kbv.de/StructureDefinition/KBV_PR_FOR_Organization|1.0.3" />
                </meta>
                <identifier>
                    <type>
                        <coding>
                            <system value="http://terminology.hl7.org/CodeSystem/v2-0203" />
                            <code value="XX" />
                        </coding>
                    </type>
                    <system value="http://fhir.de/NamingSystem/arge-ik/iknr" />
                    <value value="INSERT_KASSEN-IK_HERE" />
                </identifier>
                <name value="INSERT_KASSEN-NAME_HERE_MAXLENGTH_STRING_IS_45" />
                <telecom>
                    <system value="phone" />
                    <value value="0301111111" />
                </telecom>
            </Organization>
        </resource>
    </entry>
</Bundle>
