{
  "resourceType" : "StructureDefinition",
  "id" : "b062dd2a-2a0a-411f-abc4-f1bf34d475f1-3",
  "url" : "http://hl7.org/fhir/comparison/StructureDefinition/b062dd2a-2a0a-411f-abc4-f1bf34d475f1-3",
  "name" : "IntersectionGKVSV_EX_ERP_RezeptBundleReferenzAndGKVSV_EX_ERP_RezeptBundleReferenz",
  "title" : "Intersection of GKVSV_EX_ERP_RezeptBundleReferenz And GKVSV_EX_ERP_RezeptBundleReferenz",
  "status" : "active",
  "date" : "2023-01-09T07:42:42+01:00",
  "snapshot" : {
    "element" : [{
      "path" : "Extension",
      "short" : "Optional Extensions Element",
      "definition" : "Optional Extension Element - found in all resources.",
      "min" : 0,
      "max" : "*",
      "constraint" : [{
        "key" : "ele-1",
        "severity" : "error",
        "human" : "All FHIR elements must have a @value or children",
        "expression" : "hasValue() or (children().count() > id.count())",
        "source" : "http://hl7.org/fhir/StructureDefinition/Element"
      },
      {
        "key" : "ext-1",
        "severity" : "error",
        "human" : "Must have either extensions or value[x], not both",
        "expression" : "extension.exists() != value.exists()",
        "source" : "http://hl7.org/fhir/StructureDefinition/Extension"
      }],
      "mustSupport" : false,
      "isModifier" : false,
      "isSummary" : false,
      "mapping" : [{
        "identity" : "rim",
        "map" : "n/a"
      },
      {
        "identity" : "rim",
        "map" : "N/A"
      }]
    },
    {
      "path" : "Extension.id",
      "representation" : ["xmlAttr"],
      "short" : "Unique id for inter-element referencing",
      "definition" : "Unique id for the element within a resource (for internal references). This may be any string value that does not contain spaces.",
      "min" : 0,
      "max" : "1",
      "type" : [{
        "extension" : [{
          "url" : "http://hl7.org/fhir/StructureDefinition/structuredefinition-fhir-type",
          "valueUrl" : "string"
        }],
        "code" : "http://hl7.org/fhirpath/System.String"
      }],
      "mustSupport" : false,
      "isModifier" : false,
      "isSummary" : false,
      "mapping" : [{
        "identity" : "rim",
        "map" : "n/a"
      }]
    },
    {
      "path" : "Extension.extension",
      "short" : "Extension",
      "definition" : "An Extension",
      "min" : 0,
      "max" : "*",
      "type" : [{
        "code" : "Extension"
      }],
      "constraint" : [{
        "key" : "ele-1",
        "severity" : "error",
        "human" : "All FHIR elements must have a @value or children",
        "expression" : "hasValue() or (children().count() > id.count())",
        "source" : "http://hl7.org/fhir/StructureDefinition/Element"
      },
      {
        "key" : "ext-1",
        "severity" : "error",
        "human" : "Must have either extensions or value[x], not both",
        "expression" : "extension.exists() != value.exists()",
        "source" : "http://hl7.org/fhir/StructureDefinition/DomainResource"
      }],
      "mustSupport" : false,
      "isModifier" : false,
      "isSummary" : false
    },
    {
      "path" : "Extension.url",
      "representation" : ["xmlAttr"],
      "short" : "identifies the meaning of the extension",
      "definition" : "Source of the definition for the extension code - a logical name or a URL.",
      "comment" : "The definition may point directly to a computable or human-readable definition of the extensibility codes, or it may be a logical URI as declared in some other specification. The definition SHALL be a URI for the Structure Definition defining the extension.",
      "min" : 1,
      "max" : "1",
      "type" : [{
        "extension" : [{
          "url" : "http://hl7.org/fhir/StructureDefinition/structuredefinition-fhir-type",
          "valueUrl" : "uri"
        }],
        "code" : "http://hl7.org/fhirpath/System.String"
      }],
      "mustSupport" : false,
      "isModifier" : false,
      "isSummary" : false,
      "mapping" : [{
        "identity" : "rim",
        "map" : "N/A"
      }]
    },
    {
      "path" : "Extension.value[x]",
      "short" : "Value of extension",
      "definition" : "Value of extension - must be one of a constrained set of the data types (see [Extensibility] for a list).",
      "min" : 0,
      "max" : "0",
      "type" : [{
        "code" : "base64Binary",
        "targetProfile" : ["https://fhir.gkvsv.de/StructureDefinition/GKVSV_PR_TA7_RezeptBundle"]
      },
      {
        "code" : "boolean",
        "targetProfile" : ["https://fhir.gkvsv.de/StructureDefinition/GKVSV_PR_TA7_RezeptBundle"]
      },
      {
        "code" : "canonical",
        "targetProfile" : ["https://fhir.gkvsv.de/StructureDefinition/GKVSV_PR_TA7_RezeptBundle"]
      },
      {
        "code" : "code",
        "targetProfile" : ["https://fhir.gkvsv.de/StructureDefinition/GKVSV_PR_TA7_RezeptBundle"]
      },
      {
        "code" : "date",
        "targetProfile" : ["https://fhir.gkvsv.de/StructureDefinition/GKVSV_PR_TA7_RezeptBundle"]
      },
      {
        "code" : "dateTime",
        "targetProfile" : ["https://fhir.gkvsv.de/StructureDefinition/GKVSV_PR_TA7_RezeptBundle"]
      },
      {
        "code" : "decimal",
        "targetProfile" : ["https://fhir.gkvsv.de/StructureDefinition/GKVSV_PR_TA7_RezeptBundle"]
      },
      {
        "code" : "id",
        "targetProfile" : ["https://fhir.gkvsv.de/StructureDefinition/GKVSV_PR_TA7_RezeptBundle"]
      },
      {
        "code" : "instant",
        "targetProfile" : ["https://fhir.gkvsv.de/StructureDefinition/GKVSV_PR_TA7_RezeptBundle"]
      },
      {
        "code" : "integer",
        "targetProfile" : ["https://fhir.gkvsv.de/StructureDefinition/GKVSV_PR_TA7_RezeptBundle"]
      },
      {
        "code" : "markdown",
        "targetProfile" : ["https://fhir.gkvsv.de/StructureDefinition/GKVSV_PR_TA7_RezeptBundle"]
      },
      {
        "code" : "oid",
        "targetProfile" : ["https://fhir.gkvsv.de/StructureDefinition/GKVSV_PR_TA7_RezeptBundle"]
      },
      {
        "code" : "positiveInt",
        "targetProfile" : ["https://fhir.gkvsv.de/StructureDefinition/GKVSV_PR_TA7_RezeptBundle"]
      },
      {
        "code" : "string",
        "targetProfile" : ["https://fhir.gkvsv.de/StructureDefinition/GKVSV_PR_TA7_RezeptBundle"]
      },
      {
        "code" : "time",
        "targetProfile" : ["https://fhir.gkvsv.de/StructureDefinition/GKVSV_PR_TA7_RezeptBundle"]
      },
      {
        "code" : "unsignedInt",
        "targetProfile" : ["https://fhir.gkvsv.de/StructureDefinition/GKVSV_PR_TA7_RezeptBundle"]
      },
      {
        "code" : "uri",
        "targetProfile" : ["https://fhir.gkvsv.de/StructureDefinition/GKVSV_PR_TA7_RezeptBundle"]
      },
      {
        "code" : "url",
        "targetProfile" : ["https://fhir.gkvsv.de/StructureDefinition/GKVSV_PR_TA7_RezeptBundle"]
      },
      {
        "code" : "uuid",
        "targetProfile" : ["https://fhir.gkvsv.de/StructureDefinition/GKVSV_PR_TA7_RezeptBundle"]
      },
      {
        "code" : "Address",
        "targetProfile" : ["https://fhir.gkvsv.de/StructureDefinition/GKVSV_PR_TA7_RezeptBundle"]
      },
      {
        "code" : "Age",
        "targetProfile" : ["https://fhir.gkvsv.de/StructureDefinition/GKVSV_PR_TA7_RezeptBundle"]
      },
      {
        "code" : "Annotation",
        "targetProfile" : ["https://fhir.gkvsv.de/StructureDefinition/GKVSV_PR_TA7_RezeptBundle"]
      },
      {
        "code" : "Attachment",
        "targetProfile" : ["https://fhir.gkvsv.de/StructureDefinition/GKVSV_PR_TA7_RezeptBundle"]
      },
      {
        "code" : "CodeableConcept",
        "targetProfile" : ["https://fhir.gkvsv.de/StructureDefinition/GKVSV_PR_TA7_RezeptBundle"]
      },
      {
        "code" : "Coding",
        "targetProfile" : ["https://fhir.gkvsv.de/StructureDefinition/GKVSV_PR_TA7_RezeptBundle"]
      },
      {
        "code" : "ContactPoint",
        "targetProfile" : ["https://fhir.gkvsv.de/StructureDefinition/GKVSV_PR_TA7_RezeptBundle"]
      },
      {
        "code" : "Count",
        "targetProfile" : ["https://fhir.gkvsv.de/StructureDefinition/GKVSV_PR_TA7_RezeptBundle"]
      },
      {
        "code" : "Distance",
        "targetProfile" : ["https://fhir.gkvsv.de/StructureDefinition/GKVSV_PR_TA7_RezeptBundle"]
      },
      {
        "code" : "Duration",
        "targetProfile" : ["https://fhir.gkvsv.de/StructureDefinition/GKVSV_PR_TA7_RezeptBundle"]
      },
      {
        "code" : "HumanName",
        "targetProfile" : ["https://fhir.gkvsv.de/StructureDefinition/GKVSV_PR_TA7_RezeptBundle"]
      },
      {
        "code" : "Identifier",
        "targetProfile" : ["https://fhir.gkvsv.de/StructureDefinition/GKVSV_PR_TA7_RezeptBundle"]
      },
      {
        "code" : "Money",
        "targetProfile" : ["https://fhir.gkvsv.de/StructureDefinition/GKVSV_PR_TA7_RezeptBundle"]
      },
      {
        "code" : "Period",
        "targetProfile" : ["https://fhir.gkvsv.de/StructureDefinition/GKVSV_PR_TA7_RezeptBundle"]
      },
      {
        "code" : "Quantity",
        "targetProfile" : ["https://fhir.gkvsv.de/StructureDefinition/GKVSV_PR_TA7_RezeptBundle"]
      },
      {
        "code" : "Range",
        "targetProfile" : ["https://fhir.gkvsv.de/StructureDefinition/GKVSV_PR_TA7_RezeptBundle"]
      },
      {
        "code" : "Ratio",
        "targetProfile" : ["https://fhir.gkvsv.de/StructureDefinition/GKVSV_PR_TA7_RezeptBundle"]
      },
      {
        "code" : "Reference",
        "targetProfile" : ["https://fhir.gkvsv.de/StructureDefinition/GKVSV_PR_TA7_RezeptBundle",
        "#sd-GKVSV-PR-TA7-RezeptBundle-GKVSV-PR-TA7-RezeptBundle"]
      },
      {
        "code" : "SampledData",
        "targetProfile" : ["https://fhir.gkvsv.de/StructureDefinition/GKVSV_PR_TA7_RezeptBundle"]
      },
      {
        "code" : "Signature",
        "targetProfile" : ["https://fhir.gkvsv.de/StructureDefinition/GKVSV_PR_TA7_RezeptBundle"]
      },
      {
        "code" : "Timing",
        "targetProfile" : ["https://fhir.gkvsv.de/StructureDefinition/GKVSV_PR_TA7_RezeptBundle"]
      },
      {
        "code" : "ContactDetail",
        "targetProfile" : ["https://fhir.gkvsv.de/StructureDefinition/GKVSV_PR_TA7_RezeptBundle"]
      },
      {
        "code" : "Contributor",
        "targetProfile" : ["https://fhir.gkvsv.de/StructureDefinition/GKVSV_PR_TA7_RezeptBundle"]
      },
      {
        "code" : "DataRequirement",
        "targetProfile" : ["https://fhir.gkvsv.de/StructureDefinition/GKVSV_PR_TA7_RezeptBundle"]
      },
      {
        "code" : "Expression",
        "targetProfile" : ["https://fhir.gkvsv.de/StructureDefinition/GKVSV_PR_TA7_RezeptBundle"]
      },
      {
        "code" : "ParameterDefinition",
        "targetProfile" : ["https://fhir.gkvsv.de/StructureDefinition/GKVSV_PR_TA7_RezeptBundle"]
      },
      {
        "code" : "RelatedArtifact",
        "targetProfile" : ["https://fhir.gkvsv.de/StructureDefinition/GKVSV_PR_TA7_RezeptBundle"]
      },
      {
        "code" : "TriggerDefinition",
        "targetProfile" : ["https://fhir.gkvsv.de/StructureDefinition/GKVSV_PR_TA7_RezeptBundle"]
      },
      {
        "code" : "UsageContext",
        "targetProfile" : ["https://fhir.gkvsv.de/StructureDefinition/GKVSV_PR_TA7_RezeptBundle"]
      },
      {
        "code" : "Dosage",
        "targetProfile" : ["https://fhir.gkvsv.de/StructureDefinition/GKVSV_PR_TA7_RezeptBundle"]
      }],
      "constraint" : [{
        "key" : "ele-1",
        "severity" : "error",
        "human" : "All FHIR elements must have a @value or children",
        "expression" : "hasValue() or (children().count() > id.count())",
        "source" : "http://hl7.org/fhir/StructureDefinition/Element"
      }],
      "mustSupport" : false,
      "isModifier" : false,
      "isSummary" : false,
      "mapping" : [{
        "identity" : "rim",
        "map" : "n/a"
      },
      {
        "identity" : "rim",
        "map" : "N/A"
      }]
    }]
  }
}