{
  "resourceType" : "ValueSet",
  "id" : "43b7c19d-e7cc-457c-ad6b-fcad96c798cb-11",
  "url" : "http://hl7.org/fhir/comparison/ValueSet/43b7c19d-e7cc-457c-ad6b-fcad96c798cb-11",
  "name" : "UnionOrganizationtypeVSAndProcedurePerformerRoleCodes",
  "title" : "Union of ValueSet of Organizationtype Codes And Procedure Performer Role Codes",
  "status" : "draft",
  "date" : "2023-01-09T06:23:29+01:00",
  "compose" : {
    "include" : [{
      "concept" : [{
        "code" : "urn:oid:1.2.276.0.76.4.54",
        "display" : "Öffentliche Apotheke"
      }],
      "filter" : [{
        "property" : "concept",
        "op" : "is-a",
        "value" : "223366009"
      }]
    }]
  }
}