{
  "resourceType" : "StructureDefinition",
  "id" : "86ebd3d5-a73d-468c-9227-de95be8efac8-14",
  "url" : "http://hl7.org/fhir/comparison/StructureDefinition/86ebd3d5-a73d-468c-9227-de95be8efac8-14",
  "name" : "UnionKBV_PR_FOR_OrganizationAndKBV_PR_FOR_Organization",
  "title" : "Union of null And null",
  "status" : "active",
  "date" : "2023-01-05T09:45:04+01:00",
  "snapshot" : {
    "element" : [{
      "path" : "Organization",
      "short" : "A grouping of people or organizations with a common purpose",
      "definition" : "left: A formally or informally recognized grouping of people or organizations formed for the purpose of achieving some form of collective action.  Includes companies, institutions, corporations, departments, community groups, healthcare practice groups, payer/insurer, etc.; right: Die Einrichtung beschreibt beispielsweise den Ort, an dem ein Kontakt zwischen der zu behandelnden Person und der leistungserbringenden Person stattfindet (z.B. Praxis). Diese kann aber auch eine rein 'fiktive' Organisation zur Abrechnung sein (z.B. IK-Organisation für Hebammen).",
      "min" : 0,
      "max" : "*",
      "constraint" : [{
        "key" : "dom-2",
        "severity" : "error",
        "human" : "If the resource is contained in another resource, it SHALL NOT contain nested Resources",
        "expression" : "contained.contained.empty()",
        "source" : "http://hl7.org/fhir/StructureDefinition/DomainResource"
      },
      {
        "key" : "dom-4",
        "severity" : "error",
        "human" : "If a resource is contained in another resource, it SHALL NOT have a meta.versionId or a meta.lastUpdated",
        "expression" : "contained.meta.versionId.empty() and contained.meta.lastUpdated.empty()",
        "source" : "http://hl7.org/fhir/StructureDefinition/DomainResource"
      },
      {
        "key" : "dom-3",
        "severity" : "error",
        "human" : "If the resource is contained in another resource, it SHALL be referred to from elsewhere in the resource or SHALL refer to the containing resource",
        "expression" : "contained.where((('#'+id in (%resource.descendants().reference | %resource.descendants().as(canonical) | %resource.descendants().as(uri) | %resource.descendants().as(url))) or descendants().where(reference = '#').exists() or descendants().where(as(canonical) = '#').exists() or descendants().where(as(canonical) = '#').exists()).not()).trace('unmatched', id).empty()",
        "source" : "http://hl7.org/fhir/StructureDefinition/DomainResource"
      },
      {
        "extension" : [{
          "url" : "http://hl7.org/fhir/StructureDefinition/elementdefinition-bestpractice",
          "valueBoolean" : true
        },
        {
          "url" : "http://hl7.org/fhir/StructureDefinition/elementdefinition-bestpractice-explanation",
          "valueMarkdown" : "When a resource has no narrative, only systems that fully understand the data can display the resource to a human safely. Including a human readable representation in the resource makes for a much more robust eco-system and cheaper handling of resources by intermediary systems. Some ecosystems restrict distribution of resources to only those systems that do fully understand the resources, and as a consequence implementers may believe that the narrative is superfluous. However experience shows that such eco-systems often open up to new participants over time."
        }],
        "key" : "dom-6",
        "severity" : "warning",
        "human" : "A resource should have narrative for robust management",
        "expression" : "text.`div`.exists()",
        "source" : "http://hl7.org/fhir/StructureDefinition/DomainResource"
      },
      {
        "key" : "dom-5",
        "severity" : "error",
        "human" : "If a resource is contained in another resource, it SHALL NOT have a security label",
        "expression" : "contained.meta.security.empty()",
        "source" : "http://hl7.org/fhir/StructureDefinition/DomainResource"
      },
      {
        "key" : "org-1",
        "severity" : "error",
        "human" : "The organization SHALL at least have a name or an identifier, and possibly more than one",
        "expression" : "(identifier.count() + name.count()) > 0",
        "source" : "http://hl7.org/fhir/StructureDefinition/Organization"
      }],
      "mustSupport" : false,
      "isModifier" : false,
      "isSummary" : false,
      "mapping" : [{
        "identity" : "rim",
        "map" : "Entity. Role, or Act"
      },
      {
        "identity" : "v2",
        "map" : "(also see master files messages)"
      },
      {
        "identity" : "rim",
        "map" : "Organization(classCode=ORG, determinerCode=INST)"
      },
      {
        "identity" : "servd",
        "map" : "Organization"
      }]
    },
    {
      "path" : "Organization.id",
      "short" : "Logical id of this artifact",
      "definition" : "The logical id of the resource, as used in the URL for the resource. Once assigned, this value never changes.",
      "comment" : "The only time that a resource does not have an id is when it is being submitted to the server using a create operation.",
      "min" : 1,
      "max" : "1",
      "type" : [{
        "extension" : [{
          "url" : "http://hl7.org/fhir/StructureDefinition/structuredefinition-fhir-type",
          "valueUrl" : "string"
        }],
        "code" : "http://hl7.org/fhirpath/System.String"
      }],
      "mustSupport" : true,
      "isModifier" : false,
      "isSummary" : true
    },
    {
      "path" : "Organization.meta",
      "short" : "Metadata about the resource",
      "definition" : "The metadata about the resource. This is content that is maintained by the infrastructure. Changes to the content might not always be associated with version changes to the resource.",
      "min" : 1,
      "max" : "1",
      "type" : [{
        "code" : "Meta"
      }],
      "constraint" : [{
        "key" : "ele-1",
        "severity" : "error",
        "human" : "All FHIR elements must have a @value or children",
        "expression" : "hasValue() or (children().count() > id.count())",
        "source" : "http://hl7.org/fhir/StructureDefinition/Element"
      }],
      "mustSupport" : true,
      "isModifier" : false,
      "isSummary" : true,
      "mapping" : [{
        "identity" : "rim",
        "map" : "n/a"
      },
      {
        "identity" : "rim",
        "map" : "N/A"
      }]
    },
    {
      "path" : "Organization.meta.id",
      "representation" : ["xmlAttr"],
      "short" : "Unique id for inter-element referencing",
      "definition" : "Unique id for the element within a resource (for internal references). This may be any string value that does not contain spaces.",
      "min" : 0,
      "max" : "1",
      "type" : [{
        "extension" : [{
          "url" : "http://hl7.org/fhir/StructureDefinition/structuredefinition-fhir-type",
          "valueUrl" : "string"
        }],
        "code" : "http://hl7.org/fhirpath/System.String"
      }],
      "mustSupport" : false,
      "isModifier" : false,
      "isSummary" : false,
      "mapping" : [{
        "identity" : "rim",
        "map" : "n/a"
      }]
    },
    {
      "path" : "Organization.meta.extension",
      "short" : "Additional content defined by implementations",
      "definition" : "May be used to represent additional information that is not part of the basic definition of the element. To make the use of extensions safe and manageable, there is a strict set of governance  applied to the definition and use of extensions. Though any implementer can define an extension, there is a set of requirements that SHALL be met as part of the definition of the extension.",
      "comment" : "There can be no stigma associated with the use of extensions by any application, project, or standard - regardless of the institution or jurisdiction that uses or defines the extensions.  The use of extensions is what allows the FHIR specification to retain a core level of simplicity for everyone.",
      "alias" : ["extensions",
      "user content"],
      "min" : 0,
      "max" : "*",
      "type" : [{
        "code" : "Extension"
      }],
      "constraint" : [{
        "key" : "ele-1",
        "severity" : "error",
        "human" : "All FHIR elements must have a @value or children",
        "expression" : "hasValue() or (children().count() > id.count())",
        "source" : "http://hl7.org/fhir/StructureDefinition/Element"
      },
      {
        "key" : "ext-1",
        "severity" : "error",
        "human" : "Must have either extensions or value[x], not both",
        "expression" : "extension.exists() != value.exists()",
        "source" : "http://hl7.org/fhir/StructureDefinition/DomainResource"
      }],
      "mustSupport" : false,
      "isModifier" : false,
      "isSummary" : false,
      "mapping" : [{
        "identity" : "rim",
        "map" : "n/a"
      },
      {
        "identity" : "rim",
        "map" : "N/A"
      }]
    },
    {
      "path" : "Organization.meta.versionId",
      "short" : "Version specific identifier",
      "definition" : "The version specific identifier, as it appears in the version portion of the URL. This value changes when the resource is created, updated, or deleted.",
      "comment" : "The server assigns this value, and ignores what the client specifies, except in the case that the server is imposing version integrity on updates/deletes.",
      "min" : 0,
      "max" : "0",
      "type" : [{
        "code" : "id"
      }],
      "constraint" : [{
        "key" : "ele-1",
        "severity" : "error",
        "human" : "All FHIR elements must have a @value or children",
        "expression" : "hasValue() or (children().count() > id.count())",
        "source" : "http://hl7.org/fhir/StructureDefinition/Element"
      }],
      "mustSupport" : false,
      "isModifier" : false,
      "isSummary" : true,
      "mapping" : [{
        "identity" : "rim",
        "map" : "n/a"
      }]
    },
    {
      "path" : "Organization.meta.lastUpdated",
      "short" : "When the resource version last changed",
      "definition" : "When the resource last changed - e.g. when the version changed.",
      "comment" : "This value is always populated except when the resource is first being created. The server / resource manager sets this value; what a client provides is irrelevant. This is equivalent to the HTTP Last-Modified and SHOULD have the same value on a [read] interaction.",
      "min" : 0,
      "max" : "0",
      "type" : [{
        "code" : "instant"
      }],
      "constraint" : [{
        "key" : "ele-1",
        "severity" : "error",
        "human" : "All FHIR elements must have a @value or children",
        "expression" : "hasValue() or (children().count() > id.count())",
        "source" : "http://hl7.org/fhir/StructureDefinition/Element"
      }],
      "mustSupport" : false,
      "isModifier" : false,
      "isSummary" : true,
      "mapping" : [{
        "identity" : "rim",
        "map" : "n/a"
      }]
    },
    {
      "path" : "Organization.meta.source",
      "short" : "Identifies where the resource comes from",
      "definition" : "A uri that identifies the source system of the resource. This provides a minimal amount of [Provenance] information that can be used to track or differentiate the source of information in the resource. The source may identify another FHIR server, document, message, database, etc.",
      "comment" : "In the provenance resource, this corresponds to Provenance.entity.what[x]. The exact use of the source (and the implied Provenance.entity.role) is left to implementer discretion. Only one nominated source is allowed; for additional provenance details, a full Provenance resource should be used. \n\nThis element can be used to indicate where the current master source of a resource that has a canonical URL if the resource is no longer hosted at the canonical URL.",
      "min" : 0,
      "max" : "0",
      "type" : [{
        "code" : "uri"
      }],
      "constraint" : [{
        "key" : "ele-1",
        "severity" : "error",
        "human" : "All FHIR elements must have a @value or children",
        "expression" : "hasValue() or (children().count() > id.count())",
        "source" : "http://hl7.org/fhir/StructureDefinition/Element"
      }],
      "mustSupport" : false,
      "isModifier" : false,
      "isSummary" : true,
      "mapping" : [{
        "identity" : "rim",
        "map" : "n/a"
      }]
    },
    {
      "path" : "Organization.meta.profile",
      "short" : "Profiles this resource claims to conform to",
      "definition" : "A list of profiles (references to [StructureDefinition] resources) that this resource claims to conform to. The URL is a reference to [StructureDefinition.url].",
      "comment" : "It is up to the server and/or other infrastructure of policy to determine whether/how these claims are verified and/or updated over time.  The list of profile URLs is a set.",
      "min" : 1,
      "max" : "1",
      "type" : [{
        "code" : "canonical",
        "targetProfile" : ["http://hl7.org/fhir/StructureDefinition/StructureDefinition"]
      }],
      "constraint" : [{
        "key" : "ele-1",
        "severity" : "error",
        "human" : "All FHIR elements must have a @value or children",
        "expression" : "hasValue() or (children().count() > id.count())",
        "source" : "http://hl7.org/fhir/StructureDefinition/Element"
      }],
      "mustSupport" : true,
      "isModifier" : false,
      "isSummary" : true,
      "mapping" : [{
        "identity" : "rim",
        "map" : "n/a"
      }]
    },
    {
      "path" : "Organization.meta.security",
      "short" : "Security Labels applied to this resource",
      "definition" : "Security labels applied to this resource. These tags connect specific resources to the overall security policy and infrastructure.",
      "comment" : "The security labels can be updated without changing the stated version of the resource. The list of security labels is a set. Uniqueness is based the system/code, and version and display are ignored.",
      "min" : 0,
      "max" : "0",
      "type" : [{
        "code" : "Coding"
      }],
      "constraint" : [{
        "key" : "ele-1",
        "severity" : "error",
        "human" : "All FHIR elements must have a @value or children",
        "expression" : "hasValue() or (children().count() > id.count())",
        "source" : "http://hl7.org/fhir/StructureDefinition/Element"
      }],
      "mustSupport" : false,
      "isModifier" : false,
      "isSummary" : true,
      "binding" : {
        "strength" : "extensible",
        "description" : "Security Labels from the Healthcare Privacy and Security Classification System.",
        "valueSet" : "http://hl7.org/fhir/ValueSet/security-labels"
      },
      "mapping" : [{
        "identity" : "rim",
        "map" : "n/a"
      },
      {
        "identity" : "v2",
        "map" : "CE/CNE/CWE subset one of the sets of component 1-3 or 4-6"
      },
      {
        "identity" : "rim",
        "map" : "CV"
      },
      {
        "identity" : "orim",
        "map" : "fhir:Coding rdfs:subClassOf dt:CDCoding"
      }]
    },
    {
      "path" : "Organization.meta.tag",
      "short" : "Tags applied to this resource",
      "definition" : "Tags applied to this resource. Tags are intended to be used to identify and relate resources to process and workflow, and applications are not required to consider the tags when interpreting the meaning of a resource.",
      "comment" : "The tags can be updated without changing the stated version of the resource. The list of tags is a set. Uniqueness is based the system/code, and version and display are ignored.",
      "min" : 0,
      "max" : "0",
      "type" : [{
        "code" : "Coding"
      }],
      "constraint" : [{
        "key" : "ele-1",
        "severity" : "error",
        "human" : "All FHIR elements must have a @value or children",
        "expression" : "hasValue() or (children().count() > id.count())",
        "source" : "http://hl7.org/fhir/StructureDefinition/Element"
      }],
      "mustSupport" : false,
      "isModifier" : false,
      "isSummary" : true,
      "binding" : {
        "strength" : "example",
        "description" : "Codes that represent various types of tags, commonly workflow-related; e.g. \"Needs review by Dr. Jones\".",
        "valueSet" : "http://hl7.org/fhir/ValueSet/common-tags"
      },
      "mapping" : [{
        "identity" : "rim",
        "map" : "n/a"
      },
      {
        "identity" : "v2",
        "map" : "CE/CNE/CWE subset one of the sets of component 1-3 or 4-6"
      },
      {
        "identity" : "rim",
        "map" : "CV"
      },
      {
        "identity" : "orim",
        "map" : "fhir:Coding rdfs:subClassOf dt:CDCoding"
      }]
    },
    {
      "path" : "Organization.implicitRules",
      "short" : "A set of rules under which this content was created",
      "definition" : "A reference to a set of rules that were followed when the resource was constructed, and which must be understood when processing the content. Often, this is a reference to an implementation guide that defines the special rules along with other profiles etc.",
      "comment" : "Asserting this rule set restricts the content to be only understood by a limited set of trading partners. This inherently limits the usefulness of the data in the long term. However, the existing health eco-system is highly fractured, and not yet ready to define, collect, and exchange data in a generally computable sense. Wherever possible, implementers and/or specification writers should avoid using this element. Often, when used, the URL is a reference to an implementation guide that defines these special rules as part of it's narrative along with other profiles, value sets, etc.",
      "min" : 0,
      "max" : "0",
      "type" : [{
        "code" : "uri"
      }],
      "constraint" : [{
        "key" : "ele-1",
        "severity" : "error",
        "human" : "All FHIR elements must have a @value or children",
        "expression" : "hasValue() or (children().count() > id.count())",
        "source" : "http://hl7.org/fhir/StructureDefinition/Element"
      }],
      "mustSupport" : false,
      "isModifier" : true,
      "isSummary" : true,
      "mapping" : [{
        "identity" : "rim",
        "map" : "n/a"
      }]
    },
    {
      "path" : "Organization.language",
      "short" : "Language of the resource content",
      "definition" : "The base language in which the resource is written.",
      "comment" : "Language is provided to support indexing and accessibility (typically, services such as text to speech use the language tag). The html language tag in the narrative applies  to the narrative. The language tag on the resource may be used to specify the language of other presentations generated from the data in the resource. Not all the content has to be in the base language. The Resource.language should not be assumed to apply to the narrative automatically. If a language is specified, it should it also be specified on the div element in the html (see rules in HTML5 for information about the relationship between xml:lang and the html lang attribute).",
      "min" : 0,
      "max" : "0",
      "type" : [{
        "code" : "code"
      }],
      "constraint" : [{
        "key" : "ele-1",
        "severity" : "error",
        "human" : "All FHIR elements must have a @value or children",
        "expression" : "hasValue() or (children().count() > id.count())",
        "source" : "http://hl7.org/fhir/StructureDefinition/Element"
      }],
      "mustSupport" : false,
      "isModifier" : false,
      "isSummary" : false,
      "binding" : {
        "strength" : "preferred",
        "description" : "A human language.",
        "valueSet" : "http://hl7.org/fhir/ValueSet/languages"
      },
      "mapping" : [{
        "identity" : "rim",
        "map" : "n/a"
      }]
    },
    {
      "path" : "Organization.text",
      "short" : "Text summary of the resource, for human interpretation",
      "definition" : "A human-readable narrative that contains a summary of the resource and can be used to represent the content of the resource to a human. The narrative need not encode all the structured data, but is required to contain sufficient detail to make it \"clinically safe\" for a human to just read the narrative. Resource definitions may define what content should be represented in the narrative to ensure clinical safety.",
      "comment" : "Contained resources do not have narrative. Resources that are not contained SHOULD have a narrative. In some cases, a resource may only have text with little or no additional discrete data (as long as all minOccurs=1 elements are satisfied).  This may be necessary for data from legacy systems where information is captured as a \"text blob\" or where text is additionally entered raw or narrated and encoded information is added later.",
      "alias" : ["narrative",
      "html",
      "xhtml",
      "display"],
      "min" : 0,
      "max" : "0",
      "type" : [{
        "code" : "Narrative"
      }],
      "constraint" : [{
        "key" : "ele-1",
        "severity" : "error",
        "human" : "All FHIR elements must have a @value or children",
        "expression" : "hasValue() or (children().count() > id.count())",
        "source" : "http://hl7.org/fhir/StructureDefinition/Element"
      }],
      "mustSupport" : false,
      "isModifier" : false,
      "isSummary" : false,
      "mapping" : [{
        "identity" : "rim",
        "map" : "n/a"
      },
      {
        "identity" : "rim",
        "map" : "N/A"
      },
      {
        "identity" : "rim",
        "map" : "Act.text?"
      }]
    },
    {
      "path" : "Organization.contained",
      "short" : "Contained, inline Resources",
      "definition" : "These resources do not have an independent existence apart from the resource that contains them - they cannot be identified independently, and nor can they have their own independent transaction scope.",
      "comment" : "This should never be done when the content can be identified properly, as once identification is lost, it is extremely difficult (and context dependent) to restore it again. Contained resources may have profiles and tags In their meta elements, but SHALL NOT have security labels.",
      "alias" : ["inline resources",
      "anonymous resources",
      "contained resources"],
      "min" : 0,
      "max" : "0",
      "type" : [{
        "code" : "Resource"
      }],
      "mustSupport" : false,
      "isModifier" : false,
      "isSummary" : false,
      "mapping" : [{
        "identity" : "rim",
        "map" : "Entity. Role, or Act"
      },
      {
        "identity" : "rim",
        "map" : "N/A"
      }]
    },
    {
      "path" : "Organization.extension",
      "short" : "Additional content defined by implementations",
      "definition" : "May be used to represent additional information that is not part of the basic definition of the resource. To make the use of extensions safe and manageable, there is a strict set of governance  applied to the definition and use of extensions. Though any implementer can define an extension, there is a set of requirements that SHALL be met as part of the definition of the extension.",
      "comment" : "There can be no stigma associated with the use of extensions by any application, project, or standard - regardless of the institution or jurisdiction that uses or defines the extensions.  The use of extensions is what allows the FHIR specification to retain a core level of simplicity for everyone.",
      "alias" : ["extensions",
      "user content"],
      "min" : 0,
      "max" : "*",
      "type" : [{
        "code" : "Extension"
      }],
      "constraint" : [{
        "key" : "ele-1",
        "severity" : "error",
        "human" : "All FHIR elements must have a @value or children",
        "expression" : "hasValue() or (children().count() > id.count())",
        "source" : "http://hl7.org/fhir/StructureDefinition/Element"
      },
      {
        "key" : "ext-1",
        "severity" : "error",
        "human" : "Must have either extensions or value[x], not both",
        "expression" : "extension.exists() != value.exists()",
        "source" : "http://hl7.org/fhir/StructureDefinition/DomainResource"
      }],
      "mustSupport" : false,
      "isModifier" : false,
      "isSummary" : false,
      "mapping" : [{
        "identity" : "rim",
        "map" : "n/a"
      },
      {
        "identity" : "rim",
        "map" : "N/A"
      }]
    },
    {
      "path" : "Organization.modifierExtension",
      "short" : "Extensions that cannot be ignored",
      "definition" : "May be used to represent additional information that is not part of the basic definition of the resource and that modifies the understanding of the element that contains it and/or the understanding of the containing element's descendants. Usually modifier elements provide negation or qualification. To make the use of extensions safe and manageable, there is a strict set of governance applied to the definition and use of extensions. Though any implementer is allowed to define an extension, there is a set of requirements that SHALL be met as part of the definition of the extension. Applications processing a resource are required to check for modifier extensions.\n\nModifier extensions SHALL NOT change the meaning of any elements on Resource or DomainResource (including cannot change the meaning of modifierExtension itself).",
      "comment" : "There can be no stigma associated with the use of extensions by any application, project, or standard - regardless of the institution or jurisdiction that uses or defines the extensions.  The use of extensions is what allows the FHIR specification to retain a core level of simplicity for everyone.",
      "requirements" : "Modifier extensions allow for extensions that *cannot* be safely ignored to be clearly distinguished from the vast majority of extensions which can be safely ignored.  This promotes interoperability by eliminating the need for implementers to prohibit the presence of extensions. For further information, see the [definition of modifier extensions].",
      "alias" : ["extensions",
      "user content"],
      "min" : 0,
      "max" : "*",
      "type" : [{
        "code" : "Extension"
      }],
      "constraint" : [{
        "key" : "ele-1",
        "severity" : "error",
        "human" : "All FHIR elements must have a @value or children",
        "expression" : "hasValue() or (children().count() > id.count())",
        "source" : "http://hl7.org/fhir/StructureDefinition/Element"
      },
      {
        "key" : "ext-1",
        "severity" : "error",
        "human" : "Must have either extensions or value[x], not both",
        "expression" : "extension.exists() != value.exists()",
        "source" : "http://hl7.org/fhir/StructureDefinition/DomainResource"
      }],
      "mustSupport" : false,
      "isModifier" : true,
      "isSummary" : false,
      "mapping" : [{
        "identity" : "rim",
        "map" : "n/a"
      },
      {
        "identity" : "rim",
        "map" : "N/A"
      }]
    },
    {
      "path" : "Organization.identifier",
      "short" : "Identifies this organization  across multiple systems",
      "definition" : "Identifier for the organization that is used to identify the organization across multiple disparate systems.",
      "requirements" : "Organizations are known by a variety of ids. Some institutions maintain several, and most collect identifiers for exchange with other organizations concerning the organization.",
      "min" : 0,
      "max" : "2",
      "type" : [{
        "code" : "Identifier"
      }],
      "constraint" : [{
        "key" : "ele-1",
        "severity" : "error",
        "human" : "All FHIR elements must have a @value or children",
        "expression" : "hasValue() or (children().count() > id.count())",
        "source" : "http://hl7.org/fhir/StructureDefinition/Element"
      }],
      "mustSupport" : true,
      "isModifier" : false,
      "isSummary" : true,
      "mapping" : [{
        "identity" : "rim",
        "map" : "n/a"
      },
      {
        "identity" : "v2",
        "map" : "CX / EI (occasionally, more often EI maps to a resource id or a URL)"
      },
      {
        "identity" : "rim",
        "map" : "II - The Identifier class is a little looser than the v3 type II because it allows URIs as well as registered OIDs or GUIDs.  Also maps to Role[classCode=IDENT]"
      },
      {
        "identity" : "servd",
        "map" : "Identifier"
      },
      {
        "identity" : "w5",
        "map" : "FiveWs.identifier"
      },
      {
        "identity" : "v2",
        "map" : "XON.10 / XON.3"
      },
      {
        "identity" : "rim",
        "map" : ".scopes[Role](classCode=IDENT)"
      },
      {
        "identity" : "servd",
        "map" : "./Identifiers"
      }]
    },
    {
      "path" : "Organization.active",
      "short" : "Whether the organization's record is still in active use",
      "definition" : "Whether the organization's record is still in active use.",
      "comment" : "This active flag is not intended to be used to mark an organization as temporarily closed or under construction. Instead the Location(s) within the Organization should have the suspended status. If further details of the reason for the suspension are required, then an extension on this element should be used.\n\nThis element is labeled as a modifier because it may be used to mark that the resource was created in error.",
      "requirements" : "Need a flag to indicate a record is no longer to be used and should generally be hidden for the user in the UI.",
      "min" : 0,
      "max" : "0",
      "type" : [{
        "code" : "boolean"
      }],
      "meaningWhenMissing" : "This resource is generally assumed to be active if no value is provided for the active element",
      "constraint" : [{
        "key" : "ele-1",
        "severity" : "error",
        "human" : "All FHIR elements must have a @value or children",
        "expression" : "hasValue() or (children().count() > id.count())",
        "source" : "http://hl7.org/fhir/StructureDefinition/Element"
      }],
      "mustSupport" : false,
      "isModifier" : true,
      "isSummary" : true,
      "mapping" : [{
        "identity" : "rim",
        "map" : "n/a"
      },
      {
        "identity" : "w5",
        "map" : "FiveWs.status"
      },
      {
        "identity" : "v2",
        "map" : "No equivalent in HL7 v2"
      },
      {
        "identity" : "rim",
        "map" : ".status"
      },
      {
        "identity" : "servd",
        "map" : "./Status (however this concept in ServD more covers why the organization is active or not, could be delisted, deregistered, not operational yet) this could alternatively be derived from ./StartDate and ./EndDate and given a context date."
      }]
    },
    {
      "path" : "Organization.type",
      "short" : "Kind of organization",
      "definition" : "The kind(s) of organization that this is.",
      "comment" : "Organizations can be corporations, wards, sections, clinical teams, government departments, etc. Note that code is generally a classifier of the type of organization; in many applications, codes are used to identity a particular organization (say, ward) as opposed to another of the same type - these are identifiers, not codes\n\nWhen considering if multiple types are appropriate, you should evaluate if child organizations would be a more appropriate use of the concept, as different types likely are in different sub-areas of the organization. This is most likely to be used where type values have orthogonal values, such as a religious, academic and medical center.\n\nWe expect that some jurisdictions will profile this optionality to be a single cardinality.",
      "requirements" : "Need to be able to track the kind of organization that this is - different organization types have different uses.",
      "min" : 0,
      "max" : "0",
      "type" : [{
        "code" : "CodeableConcept"
      }],
      "constraint" : [{
        "key" : "ele-1",
        "severity" : "error",
        "human" : "All FHIR elements must have a @value or children",
        "expression" : "hasValue() or (children().count() > id.count())",
        "source" : "http://hl7.org/fhir/StructureDefinition/Element"
      }],
      "mustSupport" : false,
      "isModifier" : false,
      "isSummary" : true,
      "binding" : {
        "strength" : "example",
        "description" : "Used to categorize the organization.",
        "valueSet" : "http://hl7.org/fhir/ValueSet/organization-type"
      },
      "mapping" : [{
        "identity" : "rim",
        "map" : "n/a"
      },
      {
        "identity" : "v2",
        "map" : "CE/CNE/CWE"
      },
      {
        "identity" : "rim",
        "map" : "CD"
      },
      {
        "identity" : "orim",
        "map" : "fhir:CodeableConcept rdfs:subClassOf dt:CD"
      },
      {
        "identity" : "w5",
        "map" : "FiveWs.class"
      },
      {
        "identity" : "v2",
        "map" : "No equivalent in v2"
      },
      {
        "identity" : "rim",
        "map" : ".code"
      },
      {
        "identity" : "servd",
        "map" : "n/a"
      }]
    },
    {
      "path" : "Organization.name",
      "short" : "Name der Einrichtung",
      "definition" : "A name associated with the organization.",
      "comment" : "If the name of an organization changes, consider putting the old name in the alias column so that it can still be located through searches.",
      "requirements" : "Need to use the name as the label of the organization.",
      "min" : 0,
      "max" : "1",
      "type" : [{
        "code" : "string"
      }],
      "constraint" : [{
        "key" : "ele-1",
        "severity" : "error",
        "human" : "All FHIR elements must have a @value or children",
        "expression" : "hasValue() or (children().count() > id.count())",
        "source" : "http://hl7.org/fhir/StructureDefinition/Element"
      }],
      "mustSupport" : true,
      "isModifier" : false,
      "isSummary" : true,
      "mapping" : [{
        "identity" : "rim",
        "map" : "n/a"
      },
      {
        "identity" : "v2",
        "map" : "XON.1"
      },
      {
        "identity" : "rim",
        "map" : ".name"
      },
      {
        "identity" : "servd",
        "map" : ".PreferredName/Name"
      }]
    },
    {
      "path" : "Organization.alias",
      "short" : "A list of alternate names that the organization is known as, or was known as in the past",
      "definition" : "A list of alternate names that the organization is known as, or was known as in the past.",
      "comment" : "There are no dates associated with the alias/historic names, as this is not intended to track when names were used, but to assist in searching so that older names can still result in identifying the organization.",
      "requirements" : "Over time locations and organizations go through many changes and can be known by different names.\n\nFor searching knowing previous names that the organization was known by can be very useful.",
      "min" : 0,
      "max" : "0",
      "type" : [{
        "code" : "string"
      }],
      "constraint" : [{
        "key" : "ele-1",
        "severity" : "error",
        "human" : "All FHIR elements must have a @value or children",
        "expression" : "hasValue() or (children().count() > id.count())",
        "source" : "http://hl7.org/fhir/StructureDefinition/Element"
      }],
      "mustSupport" : false,
      "isModifier" : false,
      "isSummary" : false,
      "mapping" : [{
        "identity" : "rim",
        "map" : "n/a"
      },
      {
        "identity" : "rim",
        "map" : ".name"
      }]
    },
    {
      "path" : "Organization.telecom",
      "short" : "left: A contact detail for the organization; right: Details of a Technology mediated contact point (phone, fax, email, etc.)",
      "definition" : "left: A contact detail for the organization.; right: Dieses Element beschreibt die vorhandenen Kontaktmöglichkeiten.",
      "comment" : "The use code 'home' is not to be used. Note that these contacts are not the contact details of people who are employed by or represent the organization, but official contacts for the organization itself.",
      "requirements" : "Human contact for the organization.",
      "min" : 1,
      "max" : "3",
      "type" : [{
        "code" : "ContactPoint"
      }],
      "constraint" : [{
        "key" : "ele-1",
        "severity" : "error",
        "human" : "All FHIR elements must have a @value or children",
        "expression" : "hasValue() or (children().count() > id.count())",
        "source" : "http://hl7.org/fhir/StructureDefinition/Element"
      },
      {
        "key" : "cpt-2",
        "severity" : "error",
        "human" : "A system is required if a value is provided.",
        "expression" : "value.empty() or system.exists()",
        "source" : "http://hl7.org/fhir/StructureDefinition/Patient"
      },
      {
        "key" : "org-3",
        "severity" : "error",
        "human" : "The telecom of an organization can never be of use 'home'",
        "expression" : "where(use = 'home').empty()",
        "source" : "http://hl7.org/fhir/StructureDefinition/Organization"
      }],
      "mustSupport" : true,
      "isModifier" : false,
      "isSummary" : false,
      "mapping" : [{
        "identity" : "rim",
        "map" : "n/a"
      },
      {
        "identity" : "v2",
        "map" : "XTN"
      },
      {
        "identity" : "rim",
        "map" : "TEL"
      },
      {
        "identity" : "servd",
        "map" : "ContactPoint"
      },
      {
        "identity" : "v2",
        "map" : "ORC-22?"
      },
      {
        "identity" : "rim",
        "map" : ".telecom"
      },
      {
        "identity" : "servd",
        "map" : "./ContactPoints"
      }]
    },
    {
      "path" : "Organization.telecom.id",
      "representation" : ["xmlAttr"],
      "short" : "Unique id for inter-element referencing",
      "definition" : "Unique id for the element within a resource (for internal references). This may be any string value that does not contain spaces.",
      "min" : 0,
      "max" : "1",
      "type" : [{
        "extension" : [{
          "url" : "http://hl7.org/fhir/StructureDefinition/structuredefinition-fhir-type",
          "valueUrl" : "string"
        }],
        "code" : "http://hl7.org/fhirpath/System.String"
      }],
      "mustSupport" : false,
      "isModifier" : false,
      "isSummary" : false,
      "mapping" : [{
        "identity" : "rim",
        "map" : "n/a"
      }]
    },
    {
      "path" : "Organization.telecom.extension",
      "short" : "Additional content defined by implementations",
      "definition" : "May be used to represent additional information that is not part of the basic definition of the element. To make the use of extensions safe and manageable, there is a strict set of governance  applied to the definition and use of extensions. Though any implementer can define an extension, there is a set of requirements that SHALL be met as part of the definition of the extension.",
      "comment" : "There can be no stigma associated with the use of extensions by any application, project, or standard - regardless of the institution or jurisdiction that uses or defines the extensions.  The use of extensions is what allows the FHIR specification to retain a core level of simplicity for everyone.",
      "alias" : ["extensions",
      "user content"],
      "min" : 0,
      "max" : "*",
      "type" : [{
        "code" : "Extension"
      }],
      "constraint" : [{
        "key" : "ele-1",
        "severity" : "error",
        "human" : "All FHIR elements must have a @value or children",
        "expression" : "hasValue() or (children().count() > id.count())",
        "source" : "http://hl7.org/fhir/StructureDefinition/Element"
      },
      {
        "key" : "ext-1",
        "severity" : "error",
        "human" : "Must have either extensions or value[x], not both",
        "expression" : "extension.exists() != value.exists()",
        "source" : "http://hl7.org/fhir/StructureDefinition/DomainResource"
      }],
      "mustSupport" : false,
      "isModifier" : false,
      "isSummary" : false,
      "mapping" : [{
        "identity" : "rim",
        "map" : "n/a"
      },
      {
        "identity" : "rim",
        "map" : "N/A"
      }]
    },
    {
      "path" : "Organization.telecom.system",
      "short" : "phone | fax | email | pager | url | sms | other",
      "definition" : "Telecommunications form for contact point - what communications system is required to make use of the contact.",
      "comment" : "Note that FHIR strings SHALL NOT exceed 1MB in size",
      "min" : 0,
      "max" : "1",
      "type" : [{
        "code" : "code"
      }],
      "constraint" : [{
        "key" : "ele-1",
        "severity" : "error",
        "human" : "All FHIR elements must have a @value or children",
        "expression" : "hasValue() or (children().count() > id.count())",
        "source" : "http://hl7.org/fhir/StructureDefinition/Element"
      }],
      "mustSupport" : false,
      "isModifier" : false,
      "isSummary" : true,
      "binding" : {
        "strength" : "required",
        "description" : "Telecommunications form for contact point.",
        "valueSet" : "http://hl7.org/fhir/ValueSet/contact-point-system|4.0.1"
      },
      "mapping" : [{
        "identity" : "rim",
        "map" : "n/a"
      },
      {
        "identity" : "v2",
        "map" : "XTN.3"
      },
      {
        "identity" : "rim",
        "map" : "./scheme"
      },
      {
        "identity" : "servd",
        "map" : "./ContactPointType"
      }]
    },
    {
      "path" : "Organization.telecom.value",
      "short" : "The actual contact point details",
      "definition" : "The actual contact point details, in a form that is meaningful to the designated communication system (i.e. phone number or email address).",
      "comment" : "Additional text data such as phone extension numbers, or notes about use of the contact are sometimes included in the value.",
      "requirements" : "Need to support legacy numbers that are not in a tightly controlled format.",
      "min" : 0,
      "max" : "1",
      "type" : [{
        "code" : "string"
      }],
      "constraint" : [{
        "key" : "ele-1",
        "severity" : "error",
        "human" : "All FHIR elements must have a @value or children",
        "expression" : "hasValue() or (children().count() > id.count())",
        "source" : "http://hl7.org/fhir/StructureDefinition/Element"
      }],
      "mustSupport" : false,
      "isModifier" : false,
      "isSummary" : true,
      "mapping" : [{
        "identity" : "rim",
        "map" : "n/a"
      },
      {
        "identity" : "v2",
        "map" : "XTN.1 (or XTN.12)"
      },
      {
        "identity" : "rim",
        "map" : "./url"
      },
      {
        "identity" : "servd",
        "map" : "./Value"
      }]
    },
    {
      "path" : "Organization.telecom.use",
      "short" : "home | work | temp | old | mobile - purpose of this contact point",
      "definition" : "Identifies the purpose for the contact point.",
      "comment" : "Applications can assume that a contact is current unless it explicitly says that it is temporary or old.",
      "requirements" : "Need to track the way a person uses this contact, so a user can choose which is appropriate for their purpose.",
      "min" : 0,
      "max" : "1",
      "type" : [{
        "code" : "code"
      }],
      "constraint" : [{
        "key" : "ele-1",
        "severity" : "error",
        "human" : "All FHIR elements must have a @value or children",
        "expression" : "hasValue() or (children().count() > id.count())",
        "source" : "http://hl7.org/fhir/StructureDefinition/Element"
      }],
      "mustSupport" : false,
      "isModifier" : true,
      "isSummary" : true,
      "binding" : {
        "strength" : "required",
        "description" : "Use of contact point.",
        "valueSet" : "http://hl7.org/fhir/ValueSet/contact-point-use|4.0.1"
      },
      "mapping" : [{
        "identity" : "rim",
        "map" : "n/a"
      },
      {
        "identity" : "v2",
        "map" : "XTN.2 - but often indicated by field"
      },
      {
        "identity" : "rim",
        "map" : "unique(./use)"
      },
      {
        "identity" : "servd",
        "map" : "./ContactPointPurpose"
      }]
    },
    {
      "path" : "Organization.telecom.rank",
      "short" : "Specify preferred order of use (1 = highest)",
      "definition" : "Specifies a preferred order in which to use a set of contacts. ContactPoints with lower rank values are more preferred than those with higher rank values.",
      "comment" : "Note that rank does not necessarily follow the order in which the contacts are represented in the instance.",
      "min" : 0,
      "max" : "1",
      "type" : [{
        "code" : "positiveInt"
      }],
      "constraint" : [{
        "key" : "ele-1",
        "severity" : "error",
        "human" : "All FHIR elements must have a @value or children",
        "expression" : "hasValue() or (children().count() > id.count())",
        "source" : "http://hl7.org/fhir/StructureDefinition/Element"
      }],
      "mustSupport" : false,
      "isModifier" : false,
      "isSummary" : true,
      "mapping" : [{
        "identity" : "rim",
        "map" : "n/a"
      },
      {
        "identity" : "v2",
        "map" : "n/a"
      }]
    },
    {
      "path" : "Organization.telecom.period",
      "short" : "Time period when the contact point was/is in use",
      "definition" : "Time period when the contact point was/is in use.",
      "comment" : "A Period specifies a range of time; the context of use will specify whether the entire range applies (e.g. \"the patient was an inpatient of the hospital for this time range\") or one value from the range applies (e.g. \"give to the patient between these two times\").\n\nPeriod is not used for a duration (a measure of elapsed time). See [Duration].",
      "min" : 0,
      "max" : "1",
      "type" : [{
        "code" : "Period"
      }],
      "constraint" : [{
        "key" : "ele-1",
        "severity" : "error",
        "human" : "All FHIR elements must have a @value or children",
        "expression" : "hasValue() or (children().count() > id.count())",
        "source" : "http://hl7.org/fhir/StructureDefinition/Element"
      },
      {
        "key" : "per-1",
        "severity" : "error",
        "human" : "If present, start SHALL have a lower value than end",
        "expression" : "start.hasValue().not() or end.hasValue().not() or (start <= end)",
        "source" : "http://hl7.org/fhir/StructureDefinition/Patient"
      }],
      "mustSupport" : false,
      "isModifier" : false,
      "isSummary" : true,
      "mapping" : [{
        "identity" : "rim",
        "map" : "n/a"
      },
      {
        "identity" : "v2",
        "map" : "DR"
      },
      {
        "identity" : "rim",
        "map" : "IVL<TS>[lowClosed=\"true\" and highClosed=\"true\"] or URG<TS>[lowClosed=\"true\" and highClosed=\"true\"]"
      },
      {
        "identity" : "v2",
        "map" : "N/A"
      },
      {
        "identity" : "rim",
        "map" : "./usablePeriod[type=\"IVL<TS>\"]"
      },
      {
        "identity" : "servd",
        "map" : "./StartDate and ./EndDate"
      }]
    },
    {
      "path" : "Organization.address",
      "short" : "An address for the organization",
      "definition" : "An address for the organization.",
      "comment" : "Organization may have multiple addresses with different uses or applicable periods. The use code 'home' is not to be used.",
      "requirements" : "May need to keep track of the organization's addresses for contacting, billing or reporting requirements.",
      "min" : 0,
      "max" : "1",
      "type" : [{
        "code" : "Address"
      }],
      "constraint" : [{
        "key" : "ele-1",
        "severity" : "error",
        "human" : "All FHIR elements must have a @value or children",
        "expression" : "hasValue() or (children().count() > id.count())",
        "source" : "http://hl7.org/fhir/StructureDefinition/Element"
      },
      {
        "key" : "org-2",
        "severity" : "error",
        "human" : "An address of an organization can never be of use 'home'",
        "expression" : "where(use = 'home').empty()",
        "source" : "http://hl7.org/fhir/StructureDefinition/Organization"
      }],
      "mustSupport" : true,
      "isModifier" : false,
      "isSummary" : false,
      "mapping" : [{
        "identity" : "rim",
        "map" : "n/a"
      },
      {
        "identity" : "v2",
        "map" : "XAD"
      },
      {
        "identity" : "rim",
        "map" : "AD"
      },
      {
        "identity" : "servd",
        "map" : "Address"
      },
      {
        "identity" : "v2",
        "map" : "ORC-23?"
      },
      {
        "identity" : "rim",
        "map" : ".address"
      },
      {
        "identity" : "servd",
        "map" : "./PrimaryAddress and ./OtherAddresses"
      }]
    },
    {
      "path" : "Organization.partOf",
      "short" : "The organization of which this organization forms a part",
      "definition" : "The organization of which this organization forms a part.",
      "comment" : "References SHALL be a reference to an actual FHIR resource, and SHALL be resolveable (allowing for access control, temporary unavailability, etc.). Resolution can be either by retrieval from the URL, or, where applicable by resource type, by treating an absolute reference as a canonical URL and looking it up in a local registry/repository.",
      "requirements" : "Need to be able to track the hierarchy of organizations within an organization.",
      "min" : 0,
      "max" : "0",
      "type" : [{
        "extension" : [{
          "url" : "http://hl7.org/fhir/StructureDefinition/structuredefinition-hierarchy",
          "valueBoolean" : true
        }],
        "code" : "Reference",
        "targetProfile" : ["http://hl7.org/fhir/StructureDefinition/Organization"]
      }],
      "constraint" : [{
        "key" : "ele-1",
        "severity" : "error",
        "human" : "All FHIR elements must have a @value or children",
        "expression" : "hasValue() or (children().count() > id.count())",
        "source" : "http://hl7.org/fhir/StructureDefinition/Element"
      },
      {
        "key" : "ref-1",
        "severity" : "error",
        "human" : "SHALL have a contained resource if a local reference is provided",
        "expression" : "reference.startsWith('#').not() or (reference.substring(1).trace('url') in %rootResource.contained.id.trace('ids'))",
        "source" : "http://hl7.org/fhir/StructureDefinition/Patient"
      }],
      "mustSupport" : false,
      "isModifier" : false,
      "isSummary" : true,
      "mapping" : [{
        "identity" : "rim",
        "map" : "n/a"
      },
      {
        "identity" : "rim",
        "map" : "The target of a resource reference is a RIM entry point (Act, Role, or Entity)"
      },
      {
        "identity" : "v2",
        "map" : "No equivalent in HL7 v2"
      },
      {
        "identity" : "rim",
        "map" : ".playedBy[classCode=Part].scoper"
      },
      {
        "identity" : "servd",
        "map" : "n/a"
      }]
    },
    {
      "path" : "Organization.contact",
      "short" : "Contact for the organization for a certain purpose",
      "definition" : "Contact for the organization for a certain purpose.",
      "comment" : "Where multiple contacts for the same purpose are provided there is a standard extension that can be used to determine which one is the preferred contact to use.",
      "requirements" : "Need to keep track of assigned contact points within bigger organization.",
      "min" : 0,
      "max" : "0",
      "type" : [{
        "code" : "BackboneElement"
      }],
      "constraint" : [{
        "key" : "ele-1",
        "severity" : "error",
        "human" : "All FHIR elements must have a @value or children",
        "expression" : "hasValue() or (children().count() > id.count())",
        "source" : "http://hl7.org/fhir/StructureDefinition/Element"
      }],
      "mustSupport" : false,
      "isModifier" : false,
      "isSummary" : false,
      "mapping" : [{
        "identity" : "rim",
        "map" : "n/a"
      },
      {
        "identity" : "rim",
        "map" : ".contactParty"
      }]
    },
    {
      "path" : "Organization.contact.id",
      "representation" : ["xmlAttr"],
      "short" : "Unique id for inter-element referencing",
      "definition" : "Unique id for the element within a resource (for internal references). This may be any string value that does not contain spaces.",
      "min" : 0,
      "max" : "1",
      "type" : [{
        "extension" : [{
          "url" : "http://hl7.org/fhir/StructureDefinition/structuredefinition-fhir-type",
          "valueUrl" : "string"
        }],
        "code" : "http://hl7.org/fhirpath/System.String"
      }],
      "mustSupport" : false,
      "isModifier" : false,
      "isSummary" : false,
      "mapping" : [{
        "identity" : "rim",
        "map" : "n/a"
      }]
    },
    {
      "path" : "Organization.contact.extension",
      "short" : "Additional content defined by implementations",
      "definition" : "May be used to represent additional information that is not part of the basic definition of the element. To make the use of extensions safe and manageable, there is a strict set of governance  applied to the definition and use of extensions. Though any implementer can define an extension, there is a set of requirements that SHALL be met as part of the definition of the extension.",
      "comment" : "There can be no stigma associated with the use of extensions by any application, project, or standard - regardless of the institution or jurisdiction that uses or defines the extensions.  The use of extensions is what allows the FHIR specification to retain a core level of simplicity for everyone.",
      "alias" : ["extensions",
      "user content"],
      "min" : 0,
      "max" : "*",
      "type" : [{
        "code" : "Extension"
      }],
      "constraint" : [{
        "key" : "ele-1",
        "severity" : "error",
        "human" : "All FHIR elements must have a @value or children",
        "expression" : "hasValue() or (children().count() > id.count())",
        "source" : "http://hl7.org/fhir/StructureDefinition/Element"
      },
      {
        "key" : "ext-1",
        "severity" : "error",
        "human" : "Must have either extensions or value[x], not both",
        "expression" : "extension.exists() != value.exists()",
        "source" : "http://hl7.org/fhir/StructureDefinition/DomainResource"
      }],
      "mustSupport" : false,
      "isModifier" : false,
      "isSummary" : false,
      "mapping" : [{
        "identity" : "rim",
        "map" : "n/a"
      },
      {
        "identity" : "rim",
        "map" : "N/A"
      }]
    },
    {
      "path" : "Organization.contact.modifierExtension",
      "short" : "Extensions that cannot be ignored even if unrecognized",
      "definition" : "May be used to represent additional information that is not part of the basic definition of the element and that modifies the understanding of the element in which it is contained and/or the understanding of the containing element's descendants. Usually modifier elements provide negation or qualification. To make the use of extensions safe and manageable, there is a strict set of governance applied to the definition and use of extensions. Though any implementer can define an extension, there is a set of requirements that SHALL be met as part of the definition of the extension. Applications processing a resource are required to check for modifier extensions.\n\nModifier extensions SHALL NOT change the meaning of any elements on Resource or DomainResource (including cannot change the meaning of modifierExtension itself).",
      "comment" : "There can be no stigma associated with the use of extensions by any application, project, or standard - regardless of the institution or jurisdiction that uses or defines the extensions.  The use of extensions is what allows the FHIR specification to retain a core level of simplicity for everyone.",
      "requirements" : "Modifier extensions allow for extensions that *cannot* be safely ignored to be clearly distinguished from the vast majority of extensions which can be safely ignored.  This promotes interoperability by eliminating the need for implementers to prohibit the presence of extensions. For further information, see the [definition of modifier extensions].",
      "alias" : ["extensions",
      "user content",
      "modifiers"],
      "min" : 0,
      "max" : "*",
      "type" : [{
        "code" : "Extension"
      }],
      "constraint" : [{
        "key" : "ele-1",
        "severity" : "error",
        "human" : "All FHIR elements must have a @value or children",
        "expression" : "hasValue() or (children().count() > id.count())",
        "source" : "http://hl7.org/fhir/StructureDefinition/Element"
      },
      {
        "key" : "ext-1",
        "severity" : "error",
        "human" : "Must have either extensions or value[x], not both",
        "expression" : "extension.exists() != value.exists()",
        "source" : "http://hl7.org/fhir/StructureDefinition/DomainResource"
      }],
      "mustSupport" : false,
      "isModifier" : true,
      "isSummary" : true,
      "mapping" : [{
        "identity" : "rim",
        "map" : "n/a"
      },
      {
        "identity" : "rim",
        "map" : "N/A"
      }]
    },
    {
      "path" : "Organization.contact.purpose",
      "short" : "The type of contact",
      "definition" : "Indicates a purpose for which the contact can be reached.",
      "comment" : "Not all terminology uses fit this general pattern. In some cases, models should not use CodeableConcept and use Coding directly and provide their own structure for managing text, codings, translations and the relationship between elements and pre- and post-coordination.",
      "requirements" : "Need to distinguish between multiple contact persons.",
      "min" : 0,
      "max" : "1",
      "type" : [{
        "code" : "CodeableConcept"
      }],
      "constraint" : [{
        "key" : "ele-1",
        "severity" : "error",
        "human" : "All FHIR elements must have a @value or children",
        "expression" : "hasValue() or (children().count() > id.count())",
        "source" : "http://hl7.org/fhir/StructureDefinition/Element"
      }],
      "mustSupport" : false,
      "isModifier" : false,
      "isSummary" : false,
      "binding" : {
        "strength" : "extensible",
        "description" : "The purpose for which you would contact a contact party.",
        "valueSet" : "http://hl7.org/fhir/ValueSet/contactentity-type"
      },
      "mapping" : [{
        "identity" : "rim",
        "map" : "n/a"
      },
      {
        "identity" : "v2",
        "map" : "CE/CNE/CWE"
      },
      {
        "identity" : "rim",
        "map" : "CD"
      },
      {
        "identity" : "orim",
        "map" : "fhir:CodeableConcept rdfs:subClassOf dt:CD"
      },
      {
        "identity" : "rim",
        "map" : "./type"
      }]
    },
    {
      "path" : "Organization.contact.name",
      "short" : "A name associated with the contact",
      "definition" : "A name associated with the contact.",
      "comment" : "Names may be changed, or repudiated, or people may have different names in different contexts. Names may be divided into parts of different type that have variable significance depending on context, though the division into parts does not always matter. With personal names, the different parts might or might not be imbued with some implicit meaning; various cultures associate different importance with the name parts and the degree to which systems must care about name parts around the world varies widely.",
      "requirements" : "Need to be able to track the person by name.",
      "min" : 0,
      "max" : "1",
      "type" : [{
        "code" : "HumanName"
      }],
      "constraint" : [{
        "key" : "ele-1",
        "severity" : "error",
        "human" : "All FHIR elements must have a @value or children",
        "expression" : "hasValue() or (children().count() > id.count())",
        "source" : "http://hl7.org/fhir/StructureDefinition/Element"
      }],
      "mustSupport" : false,
      "isModifier" : false,
      "isSummary" : false,
      "mapping" : [{
        "identity" : "rim",
        "map" : "n/a"
      },
      {
        "identity" : "v2",
        "map" : "XPN"
      },
      {
        "identity" : "rim",
        "map" : "EN (actually, PN)"
      },
      {
        "identity" : "servd",
        "map" : "ProviderName"
      },
      {
        "identity" : "v2",
        "map" : "PID-5, PID-9"
      },
      {
        "identity" : "rim",
        "map" : "./name"
      }]
    },
    {
      "path" : "Organization.contact.telecom",
      "short" : "Contact details (telephone, email, etc.)  for a contact",
      "definition" : "A contact detail (e.g. a telephone number or an email address) by which the party may be contacted.",
      "requirements" : "People have (primary) ways to contact them in some way such as phone, email.",
      "min" : 0,
      "max" : "*",
      "type" : [{
        "code" : "ContactPoint"
      }],
      "constraint" : [{
        "key" : "ele-1",
        "severity" : "error",
        "human" : "All FHIR elements must have a @value or children",
        "expression" : "hasValue() or (children().count() > id.count())",
        "source" : "http://hl7.org/fhir/StructureDefinition/Element"
      },
      {
        "key" : "cpt-2",
        "severity" : "error",
        "human" : "A system is required if a value is provided.",
        "expression" : "value.empty() or system.exists()",
        "source" : "http://hl7.org/fhir/StructureDefinition/Patient"
      }],
      "mustSupport" : false,
      "isModifier" : false,
      "isSummary" : false,
      "mapping" : [{
        "identity" : "rim",
        "map" : "n/a"
      },
      {
        "identity" : "v2",
        "map" : "XTN"
      },
      {
        "identity" : "rim",
        "map" : "TEL"
      },
      {
        "identity" : "servd",
        "map" : "ContactPoint"
      },
      {
        "identity" : "v2",
        "map" : "PID-13, PID-14"
      },
      {
        "identity" : "rim",
        "map" : "./telecom"
      }]
    },
    {
      "path" : "Organization.contact.address",
      "short" : "Visiting or postal addresses for the contact",
      "definition" : "Visiting or postal addresses for the contact.",
      "comment" : "Note: address is intended to describe postal addresses for administrative purposes, not to describe absolute geographical coordinates.  Postal addresses are often used as proxies for physical locations (also see the [Location] resource).",
      "requirements" : "May need to keep track of a contact party's address for contacting, billing or reporting requirements.",
      "min" : 0,
      "max" : "1",
      "type" : [{
        "code" : "Address"
      }],
      "constraint" : [{
        "key" : "ele-1",
        "severity" : "error",
        "human" : "All FHIR elements must have a @value or children",
        "expression" : "hasValue() or (children().count() > id.count())",
        "source" : "http://hl7.org/fhir/StructureDefinition/Element"
      }],
      "mustSupport" : false,
      "isModifier" : false,
      "isSummary" : false,
      "mapping" : [{
        "identity" : "rim",
        "map" : "n/a"
      },
      {
        "identity" : "v2",
        "map" : "XAD"
      },
      {
        "identity" : "rim",
        "map" : "AD"
      },
      {
        "identity" : "servd",
        "map" : "Address"
      },
      {
        "identity" : "v2",
        "map" : "PID-11"
      },
      {
        "identity" : "rim",
        "map" : "./addr"
      }]
    },
    {
      "path" : "Organization.contact.address.id",
      "representation" : ["xmlAttr"],
      "short" : "Unique id for inter-element referencing",
      "definition" : "Unique id for the element within a resource (for internal references). This may be any string value that does not contain spaces.",
      "min" : 0,
      "max" : "1",
      "type" : [{
        "extension" : [{
          "url" : "http://hl7.org/fhir/StructureDefinition/structuredefinition-fhir-type",
          "valueUrl" : "string"
        }],
        "code" : "http://hl7.org/fhirpath/System.String"
      }],
      "mustSupport" : false,
      "isModifier" : false,
      "isSummary" : false,
      "mapping" : [{
        "identity" : "rim",
        "map" : "n/a"
      }]
    },
    {
      "path" : "Organization.contact.address.extension",
      "short" : "Additional content defined by implementations",
      "definition" : "May be used to represent additional information that is not part of the basic definition of the element. To make the use of extensions safe and manageable, there is a strict set of governance  applied to the definition and use of extensions. Though any implementer can define an extension, there is a set of requirements that SHALL be met as part of the definition of the extension.",
      "comment" : "There can be no stigma associated with the use of extensions by any application, project, or standard - regardless of the institution or jurisdiction that uses or defines the extensions.  The use of extensions is what allows the FHIR specification to retain a core level of simplicity for everyone.",
      "alias" : ["extensions",
      "user content"],
      "min" : 0,
      "max" : "*",
      "type" : [{
        "code" : "Extension"
      }],
      "constraint" : [{
        "key" : "ele-1",
        "severity" : "error",
        "human" : "All FHIR elements must have a @value or children",
        "expression" : "hasValue() or (children().count() > id.count())",
        "source" : "http://hl7.org/fhir/StructureDefinition/Element"
      },
      {
        "key" : "ext-1",
        "severity" : "error",
        "human" : "Must have either extensions or value[x], not both",
        "expression" : "extension.exists() != value.exists()",
        "source" : "http://hl7.org/fhir/StructureDefinition/DomainResource"
      }],
      "mustSupport" : false,
      "isModifier" : false,
      "isSummary" : false,
      "mapping" : [{
        "identity" : "rim",
        "map" : "n/a"
      },
      {
        "identity" : "rim",
        "map" : "N/A"
      }]
    },
    {
      "path" : "Organization.contact.address.use",
      "short" : "home | work | temp | old | billing - purpose of this address",
      "definition" : "The purpose of this address.",
      "comment" : "Applications can assume that an address is current unless it explicitly says that it is temporary or old.",
      "requirements" : "Allows an appropriate address to be chosen from a list of many.",
      "min" : 0,
      "max" : "1",
      "type" : [{
        "code" : "code"
      }],
      "example" : [{
        "label" : "General",
        "valueCode" : "home"
      }],
      "constraint" : [{
        "key" : "ele-1",
        "severity" : "error",
        "human" : "All FHIR elements must have a @value or children",
        "expression" : "hasValue() or (children().count() > id.count())",
        "source" : "http://hl7.org/fhir/StructureDefinition/Element"
      }],
      "mustSupport" : false,
      "isModifier" : true,
      "isSummary" : true,
      "binding" : {
        "strength" : "required",
        "description" : "The use of an address.",
        "valueSet" : "http://hl7.org/fhir/ValueSet/address-use|4.0.1"
      },
      "mapping" : [{
        "identity" : "rim",
        "map" : "n/a"
      },
      {
        "identity" : "v2",
        "map" : "XAD.7"
      },
      {
        "identity" : "rim",
        "map" : "unique(./use)"
      },
      {
        "identity" : "servd",
        "map" : "./AddressPurpose"
      }]
    },
    {
      "path" : "Organization.contact.address.type",
      "short" : "postal | physical | both",
      "definition" : "Distinguishes between physical addresses (those you can visit) and mailing addresses (e.g. PO Boxes and care-of addresses). Most addresses are both.",
      "comment" : "The definition of Address states that \"address is intended to describe postal addresses, not physical locations\". However, many applications track whether an address has a dual purpose of being a location that can be visited as well as being a valid delivery destination, and Postal addresses are often used as proxies for physical locations (also see the [Location] resource).",
      "min" : 0,
      "max" : "1",
      "type" : [{
        "code" : "code"
      }],
      "example" : [{
        "label" : "General",
        "valueCode" : "both"
      }],
      "constraint" : [{
        "key" : "ele-1",
        "severity" : "error",
        "human" : "All FHIR elements must have a @value or children",
        "expression" : "hasValue() or (children().count() > id.count())",
        "source" : "http://hl7.org/fhir/StructureDefinition/Element"
      }],
      "mustSupport" : false,
      "isModifier" : false,
      "isSummary" : true,
      "binding" : {
        "strength" : "required",
        "description" : "The type of an address (physical / postal).",
        "valueSet" : "http://hl7.org/fhir/ValueSet/address-type|4.0.1"
      },
      "mapping" : [{
        "identity" : "rim",
        "map" : "n/a"
      },
      {
        "identity" : "v2",
        "map" : "XAD.18"
      },
      {
        "identity" : "rim",
        "map" : "unique(./use)"
      },
      {
        "identity" : "vcard",
        "map" : "address type parameter"
      }]
    },
    {
      "path" : "Organization.contact.address.text",
      "short" : "Text representation of the address",
      "definition" : "Specifies the entire address as it should be displayed e.g. on a postal label. This may be provided instead of or as well as the specific parts.",
      "comment" : "Can provide both a text representation and parts. Applications updating an address SHALL ensure that  when both text and parts are present,  no content is included in the text that isn't found in a part.",
      "requirements" : "A renderable, unencoded form.",
      "min" : 0,
      "max" : "1",
      "type" : [{
        "code" : "string"
      }],
      "example" : [{
        "label" : "General",
        "valueString" : "137 Nowhere Street, Erewhon 9132"
      }],
      "constraint" : [{
        "key" : "ele-1",
        "severity" : "error",
        "human" : "All FHIR elements must have a @value or children",
        "expression" : "hasValue() or (children().count() > id.count())",
        "source" : "http://hl7.org/fhir/StructureDefinition/Element"
      }],
      "mustSupport" : false,
      "isModifier" : false,
      "isSummary" : true,
      "mapping" : [{
        "identity" : "rim",
        "map" : "n/a"
      },
      {
        "identity" : "v2",
        "map" : "XAD.1 + XAD.2 + XAD.3 + XAD.4 + XAD.5 + XAD.6"
      },
      {
        "identity" : "rim",
        "map" : "./formatted"
      },
      {
        "identity" : "vcard",
        "map" : "address label parameter"
      }]
    },
    {
      "path" : "Organization.contact.address.line",
      "short" : "Street name, number, direction & P.O. Box etc.",
      "definition" : "This component contains the house number, apartment number, street name, street direction,  P.O. Box number, delivery hints, and similar address information.",
      "comment" : "Note that FHIR strings SHALL NOT exceed 1MB in size",
      "min" : 0,
      "max" : "*",
      "type" : [{
        "code" : "string"
      }],
      "example" : [{
        "label" : "General",
        "valueString" : "137 Nowhere Street"
      }],
      "constraint" : [{
        "key" : "ele-1",
        "severity" : "error",
        "human" : "All FHIR elements must have a @value or children",
        "expression" : "hasValue() or (children().count() > id.count())",
        "source" : "http://hl7.org/fhir/StructureDefinition/Element"
      }],
      "mustSupport" : false,
      "isModifier" : false,
      "isSummary" : true,
      "mapping" : [{
        "identity" : "rim",
        "map" : "n/a"
      },
      {
        "identity" : "v2",
        "map" : "XAD.1 + XAD.2 (note: XAD.1 and XAD.2 have different meanings for a company address than for a person address)"
      },
      {
        "identity" : "rim",
        "map" : "AD.part[parttype = AL]"
      },
      {
        "identity" : "vcard",
        "map" : "street"
      },
      {
        "identity" : "servd",
        "map" : "./StreetAddress (newline delimitted)"
      }]
    },
    {
      "path" : "Organization.contact.address.city",
      "short" : "Name of city, town etc.",
      "definition" : "The name of the city, town, suburb, village or other community or delivery center.",
      "comment" : "Note that FHIR strings SHALL NOT exceed 1MB in size",
      "alias" : ["Municpality"],
      "min" : 0,
      "max" : "1",
      "type" : [{
        "code" : "string"
      }],
      "example" : [{
        "label" : "General",
        "valueString" : "Erewhon"
      }],
      "constraint" : [{
        "key" : "ele-1",
        "severity" : "error",
        "human" : "All FHIR elements must have a @value or children",
        "expression" : "hasValue() or (children().count() > id.count())",
        "source" : "http://hl7.org/fhir/StructureDefinition/Element"
      }],
      "mustSupport" : false,
      "isModifier" : false,
      "isSummary" : true,
      "mapping" : [{
        "identity" : "rim",
        "map" : "n/a"
      },
      {
        "identity" : "v2",
        "map" : "XAD.3"
      },
      {
        "identity" : "rim",
        "map" : "AD.part[parttype = CTY]"
      },
      {
        "identity" : "vcard",
        "map" : "locality"
      },
      {
        "identity" : "servd",
        "map" : "./Jurisdiction"
      }]
    },
    {
      "path" : "Organization.contact.address.district",
      "short" : "District name (aka county)",
      "definition" : "The name of the administrative area (county).",
      "comment" : "District is sometimes known as county, but in some regions 'county' is used in place of city (municipality), so county name should be conveyed in city instead.",
      "alias" : ["County"],
      "min" : 0,
      "max" : "1",
      "type" : [{
        "code" : "string"
      }],
      "example" : [{
        "label" : "General",
        "valueString" : "Madison"
      }],
      "constraint" : [{
        "key" : "ele-1",
        "severity" : "error",
        "human" : "All FHIR elements must have a @value or children",
        "expression" : "hasValue() or (children().count() > id.count())",
        "source" : "http://hl7.org/fhir/StructureDefinition/Element"
      }],
      "mustSupport" : false,
      "isModifier" : false,
      "isSummary" : true,
      "mapping" : [{
        "identity" : "rim",
        "map" : "n/a"
      },
      {
        "identity" : "v2",
        "map" : "XAD.9"
      },
      {
        "identity" : "rim",
        "map" : "AD.part[parttype = CNT | CPA]"
      }]
    },
    {
      "path" : "Organization.contact.address.state",
      "short" : "Sub-unit of country (abbreviations ok)",
      "definition" : "Sub-unit of a country with limited sovereignty in a federally organized country. A code may be used if codes are in common use (e.g. US 2 letter state codes).",
      "comment" : "Note that FHIR strings SHALL NOT exceed 1MB in size",
      "alias" : ["Province",
      "Territory"],
      "min" : 0,
      "max" : "1",
      "type" : [{
        "code" : "string"
      }],
      "constraint" : [{
        "key" : "ele-1",
        "severity" : "error",
        "human" : "All FHIR elements must have a @value or children",
        "expression" : "hasValue() or (children().count() > id.count())",
        "source" : "http://hl7.org/fhir/StructureDefinition/Element"
      }],
      "mustSupport" : false,
      "isModifier" : false,
      "isSummary" : true,
      "mapping" : [{
        "identity" : "rim",
        "map" : "n/a"
      },
      {
        "identity" : "v2",
        "map" : "XAD.4"
      },
      {
        "identity" : "rim",
        "map" : "AD.part[parttype = STA]"
      },
      {
        "identity" : "vcard",
        "map" : "region"
      },
      {
        "identity" : "servd",
        "map" : "./Region"
      }]
    },
    {
      "path" : "Organization.contact.address.postalCode",
      "short" : "Postal code for area",
      "definition" : "A postal code designating a region defined by the postal service.",
      "comment" : "Note that FHIR strings SHALL NOT exceed 1MB in size",
      "alias" : ["Zip"],
      "min" : 0,
      "max" : "1",
      "type" : [{
        "code" : "string"
      }],
      "example" : [{
        "label" : "General",
        "valueString" : "9132"
      }],
      "constraint" : [{
        "key" : "ele-1",
        "severity" : "error",
        "human" : "All FHIR elements must have a @value or children",
        "expression" : "hasValue() or (children().count() > id.count())",
        "source" : "http://hl7.org/fhir/StructureDefinition/Element"
      }],
      "mustSupport" : false,
      "isModifier" : false,
      "isSummary" : true,
      "mapping" : [{
        "identity" : "rim",
        "map" : "n/a"
      },
      {
        "identity" : "v2",
        "map" : "XAD.5"
      },
      {
        "identity" : "rim",
        "map" : "AD.part[parttype = ZIP]"
      },
      {
        "identity" : "vcard",
        "map" : "code"
      },
      {
        "identity" : "servd",
        "map" : "./PostalIdentificationCode"
      }]
    },
    {
      "path" : "Organization.contact.address.country",
      "short" : "Staat",
      "definition" : "left: Staat gemäß dem ValueSet https://fhir.kbv.de/ValueSet/KBV_VS_BASE_GemRS_Anlage_8; right: Staat gemäß dem ValueSet https://fhir.kbv.de/ValueSet/KBV_VS_Base_Deuev_Anlage_8",
      "comment" : "left: Staat gemäß dem ValueSet https://fhir.kbv.de/ValueSet/KBV_VS_BASE_GemRS_Anlage_8; right: Staat gemäß dem ValueSet https://fhir.kbv.de/ValueSet/KBV_VS_Base_Deuev_Anlage_8",
      "min" : 0,
      "max" : "1",
      "type" : [{
        "code" : "string"
      }],
      "constraint" : [{
        "key" : "ele-1",
        "severity" : "error",
        "human" : "All FHIR elements must have a @value or children",
        "expression" : "hasValue() or (children().count() > id.count())",
        "source" : "http://hl7.org/fhir/StructureDefinition/Element"
      }],
      "mustSupport" : false,
      "isModifier" : false,
      "isSummary" : true,
      "binding" : {
        "strength" : "extensible",
        "valueSet" : "http://hl7.org/fhir/comparison/ValueSet/86ebd3d5-a73d-468c-9227-de95be8efac8-8"
      },
      "mapping" : [{
        "identity" : "rim",
        "map" : "n/a"
      },
      {
        "identity" : "v2",
        "map" : "XAD.6"
      },
      {
        "identity" : "rim",
        "map" : "AD.part[parttype = CNT]"
      },
      {
        "identity" : "vcard",
        "map" : "country"
      },
      {
        "identity" : "servd",
        "map" : "./Country"
      }]
    },
    {
      "path" : "Organization.contact.address.period",
      "short" : "Time period when address was/is in use",
      "definition" : "Time period when address was/is in use.",
      "comment" : "A Period specifies a range of time; the context of use will specify whether the entire range applies (e.g. \"the patient was an inpatient of the hospital for this time range\") or one value from the range applies (e.g. \"give to the patient between these two times\").\n\nPeriod is not used for a duration (a measure of elapsed time). See [Duration].",
      "requirements" : "Allows addresses to be placed in historical context.",
      "min" : 0,
      "max" : "1",
      "type" : [{
        "code" : "Period"
      }],
      "example" : [{
        "label" : "General",
        "valuePeriod" : {
          "start" : "2010-03-23",
          "end" : "2010-07-01"
        }
      }],
      "constraint" : [{
        "key" : "ele-1",
        "severity" : "error",
        "human" : "All FHIR elements must have a @value or children",
        "expression" : "hasValue() or (children().count() > id.count())",
        "source" : "http://hl7.org/fhir/StructureDefinition/Element"
      },
      {
        "key" : "per-1",
        "severity" : "error",
        "human" : "If present, start SHALL have a lower value than end",
        "expression" : "start.hasValue().not() or end.hasValue().not() or (start <= end)",
        "source" : "http://hl7.org/fhir/StructureDefinition/Patient"
      }],
      "mustSupport" : false,
      "isModifier" : false,
      "isSummary" : true,
      "mapping" : [{
        "identity" : "rim",
        "map" : "n/a"
      },
      {
        "identity" : "v2",
        "map" : "DR"
      },
      {
        "identity" : "rim",
        "map" : "IVL<TS>[lowClosed=\"true\" and highClosed=\"true\"] or URG<TS>[lowClosed=\"true\" and highClosed=\"true\"]"
      },
      {
        "identity" : "v2",
        "map" : "XAD.12 / XAD.13 + XAD.14"
      },
      {
        "identity" : "rim",
        "map" : "./usablePeriod[type=\"IVL<TS>\"]"
      },
      {
        "identity" : "servd",
        "map" : "./StartDate and ./EndDate"
      }]
    },
    {
      "path" : "Organization.endpoint",
      "short" : "Technical endpoints providing access to services operated for the organization",
      "definition" : "Technical endpoints providing access to services operated for the organization.",
      "comment" : "References SHALL be a reference to an actual FHIR resource, and SHALL be resolveable (allowing for access control, temporary unavailability, etc.). Resolution can be either by retrieval from the URL, or, where applicable by resource type, by treating an absolute reference as a canonical URL and looking it up in a local registry/repository.",
      "requirements" : "Organizations have multiple systems that provide various services and need to be able to define the technical connection details for how to connect to them, and for what purpose.",
      "min" : 0,
      "max" : "0",
      "type" : [{
        "code" : "Reference",
        "targetProfile" : ["http://hl7.org/fhir/StructureDefinition/Endpoint"]
      }],
      "constraint" : [{
        "key" : "ele-1",
        "severity" : "error",
        "human" : "All FHIR elements must have a @value or children",
        "expression" : "hasValue() or (children().count() > id.count())",
        "source" : "http://hl7.org/fhir/StructureDefinition/Element"
      },
      {
        "key" : "ref-1",
        "severity" : "error",
        "human" : "SHALL have a contained resource if a local reference is provided",
        "expression" : "reference.startsWith('#').not() or (reference.substring(1).trace('url') in %rootResource.contained.id.trace('ids'))",
        "source" : "http://hl7.org/fhir/StructureDefinition/Patient"
      }],
      "mustSupport" : false,
      "isModifier" : false,
      "isSummary" : false,
      "mapping" : [{
        "identity" : "rim",
        "map" : "n/a"
      },
      {
        "identity" : "rim",
        "map" : "The target of a resource reference is a RIM entry point (Act, Role, or Entity)"
      }]
    }]
  }
}