<Bundle xmlns="http://hl7.org/fhir">
	<id value="9ad99a8f-6bce-4ab8-ada1-bb3063566c25" />
	<meta>
		<lastUpdated value="2021-04-06T08:30:00Z" />
		<profile value="https://fhir.kbv.de/StructureDefinition/KBV_PR_ERP_Bundle|1.0.2" />
	</meta>
	<identifier>
		<system value="https://gematik.de/fhir/NamingSystem/PrescriptionID" />
		<value value="160.100.000.000.004.30" />
	</identifier>
	<type value="document" />
	<timestamp value="2021-11-12T15:30:00Z"/>
	<entry>
		<fullUrl value="http://pvs.praxis.local/fhir/Composition/70e4e747-a1e6-44cd-b91d-7cc2eef89c0c" />
		<resource>
			<Composition xmlns="http://hl7.org/fhir">
				<id value="70e4e747-a1e6-44cd-b91d-7cc2eef89c0c" />
				<meta>
					<profile value="https://fhir.kbv.de/StructureDefinition/KBV_PR_ERP_Composition|1.0.2" />
				</meta>
				<extension url="https://fhir.kbv.de/StructureDefinition/KBV_EX_FOR_Legal_basis">
					<valueCoding>
						<system value="https://fhir.kbv.de/CodeSystem/KBV_CS_SFHIR_KBV_STATUSKENNZEICHEN" />
						<code value="00" />
					</valueCoding>
				</extension>
				<status value="final" />
				<type>
					<coding>
						<system value="https://fhir.kbv.de/CodeSystem/KBV_CS_SFHIR_KBV_FORMULAR_ART" />
						<code value="e16A" />
					</coding>
				</type>
				<subject>
					<reference value="Patient/93866fdc-3e50-4902-a7e9-891b54737b5e" />
				</subject>
				<date value="2021-11-12T15:00:00Z"/>
				<author>
					<reference value="Practitioner/cb7558e2-0fdf-4107-93f6-07f13f39e067" />
					<type value="Practitioner" />
				</author>
				<author>
					<type value="Device" />
					<identifier>
						<system value="https://fhir.kbv.de/NamingSystem/KBV_NS_FOR_Pruefnummer" />
						<value value="Y/410/2107/36/999" />
					</identifier>
				</author>
				<title value="elektronische Arzneimittelverordnung" />
				<attester>
					<mode value="legal" />
					<party>
						<reference value="Practitioner/667ffd79-42a3-4002-b7ca-6b9098f20ccb" />
					</party>
				</attester>
				<custodian>
					<reference value="Organization/5d3f4ac0-2b44-4d48-b363-e63efa72973b" />
				</custodian>
				<section>
					<code>
						<coding>
							<system value="https://fhir.kbv.de/CodeSystem/KBV_CS_ERP_Section_Type" />
							<code value="Prescription" />
						</coding>
					</code>
					<entry>
						<!-- Referenz auf Verordnung (MedicationRequest) -->
						<reference value="MedicationRequest/877e9689-523e-46ca-aa78-8de34a023583" />
					</entry>
				</section>
				<section>
					<code>
						<coding>
							<system value="https://fhir.kbv.de/CodeSystem/KBV_CS_ERP_Section_Type" />
							<code value="Coverage" />
						</coding>
					</code>
					<entry>
						<!-- Referenz auf Krankenkasse/KostentrĂ¤ger  -->
						<reference value="Coverage/1b89236c-ab14-4e92-937e-5af0b59d0cd4" />
					</entry>
				</section>
			</Composition>
		</resource>
	</entry>
	<entry>
		<fullUrl value="http://pvs.praxis.local/fhir/MedicationRequest/877e9689-523e-46ca-aa78-8de34a023583" />
		<resource>
			<MedicationRequest xmlns="http://hl7.org/fhir">
				<!--Beispiel MedicationRequest für eine PZN-Verordnung -->
				<id value="877e9689-523e-46ca-aa78-8de34a023583"/>
				<meta>
					<profile value="https://fhir.kbv.de/StructureDefinition/KBV_PR_ERP_Prescription|1.0.2"/>
				</meta>
				<extension url="https://fhir.kbv.de/StructureDefinition/KBV_EX_ERP_StatusCoPayment">
					<valueCoding>
						<system value="https://fhir.kbv.de/CodeSystem/KBV_CS_ERP_StatusCoPayment"/>
						<code value="0"/>
					</valueCoding>
				</extension>
				<extension url="https://fhir.kbv.de/StructureDefinition/KBV_EX_ERP_EmergencyServicesFee">
					<valueBoolean value="false"/>
				</extension>
				<extension url="https://fhir.kbv.de/StructureDefinition/KBV_EX_ERP_BVG">
					<valueBoolean value="false"/>
				</extension>
				<extension url="https://fhir.kbv.de/StructureDefinition/KBV_EX_ERP_Multiple_Prescription">
					<extension url="Kennzeichen">
						<valueBoolean value="false"/>
					</extension>
				</extension>
				<status value="active"/>
				<intent value="order"/>
				<medicationReference>
					<reference value="Medication/b7dd5ddb-b5ad-4b04-af11-6d2a354bce0c"/>
				</medicationReference>
				<subject>
					<reference value="Patient/93866fdc-3e50-4902-a7e9-891b54737b5e"/>
				</subject>
				<authoredOn value="INSERT_yyyy-mm-dd_HERE" />
				<requester>
					<reference value="Practitioner/cb7558e2-0fdf-4107-93f6-07f13f39e067"/>
				</requester>
				<insurance>
					<reference value="Coverage/1b89236c-ab14-4e92-937e-5af0b59d0cd4"/>
				</insurance>
				<note>
					<text value="Bitte auf Anwendung schulen"/>
				</note>
				<dosageInstruction>
					<extension url="https://fhir.kbv.de/StructureDefinition/KBV_EX_ERP_DosageFlag">
						<valueBoolean value="false"/>
					</extension>
				</dosageInstruction>
				<dispenseRequest>
					<quantity>
						<value value="2"/>
						<system value="http://unitsofmeasure.org"/>
						<code value="{Package}"/>
					</quantity>
				</dispenseRequest>
				<substitution>
					<allowedBoolean value="true"/>
				</substitution>
			</MedicationRequest>
		</resource>
	</entry>
	<entry>
		<fullUrl value="http://pvs.praxis.local/fhir/Medication/b7dd5ddb-b5ad-4b04-af11-6d2a354bce0c" />
		<resource>
			<Medication xmlns="http://hl7.org/fhir">
				<id value="b7dd5ddb-b5ad-4b04-af11-6d2a354bce0c"/>
				<meta>
					<profile value="https://fhir.kbv.de/StructureDefinition/KBV_PR_ERP_Medication_PZN|1.0.2"/>
				</meta>
				<extension url="https://fhir.kbv.de/StructureDefinition/KBV_EX_ERP_Medication_Category">
					<valueCoding>
						<system value="https://fhir.kbv.de/CodeSystem/KBV_CS_ERP_Medication_Category"/>
						<code value="00"/>
					</valueCoding>
				</extension>
				<extension url="https://fhir.kbv.de/StructureDefinition/KBV_EX_ERP_Medication_Vaccine">
					<valueBoolean value="false"/>
				</extension>
				<extension url="http://fhir.de/StructureDefinition/normgroesse">
					<valueCode value="N1"/>
				</extension>
				<code>
					<coding>
						<system value="http://fhir.de/CodeSystem/ifa/pzn"/>
						<code value="00427833"/>
					</coding>
					<text value="Viani 50µg/250µg 1 Diskus 60 ED N1"/>
				</code>
				<form>
					<coding>
						<system value="https://fhir.kbv.de/CodeSystem/KBV_CS_SFHIR_KBV_DARREICHUNGSFORM"/>
						<code value="IHP"/>
					</coding>
				</form>
				<amount>
					<numerator>
						<value value="1"/>
						<unit value="Diskus"/>
						<system value="http://unitsofmeasure.org"/>
						<code value="{tbl}"/>
					</numerator>
					<denominator>
						<value value="1"/>
					</denominator>
				</amount>
			</Medication>
		</resource>
	</entry>
	<entry>
		<fullUrl value="http://pvs.praxis.local/fhir/Patient/93866fdc-3e50-4902-a7e9-891b54737b5e" />
		<resource>
			<Patient xmlns="http://hl7.org/fhir">
				<id value="93866fdc-3e50-4902-a7e9-891b54737b5e" />
				<meta>
					<profile value="https://fhir.kbv.de/StructureDefinition/KBV_PR_FOR_Patient|1.0.3" />
				</meta>
				<identifier>
					<type>
						<coding>
							<system value="http://fhir.de/CodeSystem/identifier-type-de-basis" />
							<code value="GKV" />
						</coding>
					</type>
					<system value="http://fhir.de/NamingSystem/gkv/kvid-10" />
					<value value="INSERT_PATIENT-KVNR_HERE" />
				</identifier>
				<name>
					<use value="official" />
					<family value="Schinder">
						<extension url="http://hl7.org/fhir/StructureDefinition/humanname-own-name">
							<valueString value="Schinder" />
						</extension>
					</family>
					<given value="Lars" />
				</name>
				<birthDate value="1935-06-22" />
				<address>
					<type value="both" />
					<line value="Blumenweg">
						<extension url="http://hl7.org/fhir/StructureDefinition/iso21090-ADXP-streetName">
							<valueString value="Blumenweg" />
						</extension>
					</line>
					<city value="Esens" />
					<postalCode value="26427" />
					<country value="D" />
				</address>
			</Patient>
		</resource>
	</entry>
	<entry>
		<fullUrl value="http://pvs.praxis.local/fhir/Practitioner/cb7558e2-0fdf-4107-93f6-07f13f39e067" />
		<resource>
			<Practitioner xmlns="http://hl7.org/fhir">
				<id value="cb7558e2-0fdf-4107-93f6-07f13f39e067" />
				<meta>
					<profile value="https://fhir.kbv.de/StructureDefinition/KBV_PR_FOR_Practitioner|1.0.3" />
				</meta>
				<identifier>
					<type>
						<coding>
							<system value="http://terminology.hl7.org/CodeSystem/v2-0203" />
							<code value="LANR" />
						</coding>
					</type>
					<system value="https://fhir.kbv.de/NamingSystem/KBV_NS_Base_ANR" />
					<value value="895268385" />
				</identifier>
				<name>
					<use value="official" />
					<family value="Fischer">
						<extension url="http://hl7.org/fhir/StructureDefinition/humanname-own-name">
							<valueString value="Fischer" />
						</extension>
					</family>
					<given value="Alexander" />
				</name>
				<qualification>
					<code>
						<coding>
							<system value="https://fhir.kbv.de/CodeSystem/KBV_CS_FOR_Qualification_Type" />
							<code value="03" />
						</coding>
					</code>
				</qualification>
				<qualification>
					<code>
						<text value="Weiterbildungsassistent" />
					</code>
				</qualification>
			</Practitioner>
		</resource>
	</entry>
	<entry>
		<fullUrl value="http://pvs.praxis.local/fhir/Practitioner/667ffd79-42a3-4002-b7ca-6b9098f20ccb" />
		<resource>
			<Practitioner xmlns="http://hl7.org/fhir">
				<id value="667ffd79-42a3-4002-b7ca-6b9098f20ccb" />
				<meta>
					<profile value="https://fhir.kbv.de/StructureDefinition/KBV_PR_FOR_Practitioner|1.0.3" />
				</meta>
				<identifier>
					<type>
						<coding>
							<system value="http://terminology.hl7.org/CodeSystem/v2-0203" />
							<code value="LANR" />
						</coding>
					</type>
					<system value="https://fhir.kbv.de/NamingSystem/KBV_NS_Base_ANR" />
					<value value="INSERT_LANR_THAT_FITS_AMVV-§2_HERE_AND_CHECK_OTHER_PRACTITIONER_ATTRs" />
				</identifier>
				<name>
					<use value="official" />
					<family value="Schneider">
						<extension url="http://hl7.org/fhir/StructureDefinition/humanname-own-name">
							<valueString value="Schneider" />
						</extension>
					</family>
					<given value="Emma" />
					<prefix value="Dr. med.">
						<extension url="http://hl7.org/fhir/StructureDefinition/iso21090-EN-qualifier">
							<valueCode value="AC" />
						</extension>
					</prefix>
				</name>
				<qualification>
					<code>
						<coding>
							<system value="https://fhir.kbv.de/CodeSystem/KBV_CS_FOR_Qualification_Type" />
							<code value="00" />
						</coding>
					</code>
				</qualification>
				<qualification>
					<code>
						<text value="Fachärztin für Innere Medizin" />
					</code>
				</qualification>
			</Practitioner>
		</resource>
	</entry>
	<entry>
		<fullUrl value="http://pvs.praxis.local/fhir/Organization/5d3f4ac0-2b44-4d48-b363-e63efa72973b" />
		<resource>
			<Organization xmlns="http://hl7.org/fhir">
				<id value="5d3f4ac0-2b44-4d48-b363-e63efa72973b" />
				<meta>
					<profile value="https://fhir.kbv.de/StructureDefinition/KBV_PR_FOR_Organization|1.0.3" />
				</meta>
				<identifier>
					<type>
						<coding>
							<system value="http://terminology.hl7.org/CodeSystem/v2-0203" />
							<code value="BSNR" />
						</coding>
					</type>
					<system value="https://fhir.kbv.de/NamingSystem/KBV_NS_Base_BSNR" />
					<value value="721111100" />
				</identifier>
				<name value="MVZ" />
				<telecom>
					<system value="phone" />
					<value value="0301234567" />
				</telecom>
				<telecom>
					<system value="fax" />
					<value value="030123456789" />
				</telecom>
				<telecom>
					<system value="email" />
					<value value="mvz@e-mail.de" />
				</telecom>
				<address>
					<type value="both" />
					<line value="Herbert-Lewin-Platz 2">
						<extension url="http://hl7.org/fhir/StructureDefinition/iso21090-ADXP-houseNumber">
							<valueString value="2" />
						</extension>
						<extension url="http://hl7.org/fhir/StructureDefinition/iso21090-ADXP-streetName">
							<valueString value="Herbert-Lewin-Platz" />
						</extension>
					</line>
					<city value="Berlin" />
					<postalCode value="10623" />
					<country value="D" />
				</address>
			</Organization>
		</resource>
	</entry>
	<entry>
		<fullUrl value="http://pvs.praxis.local/fhir/Coverage/1b89236c-ab14-4e92-937e-5af0b59d0cd4" />
		<resource>
			<Coverage xmlns="http://hl7.org/fhir">
				<id value="1b89236c-ab14-4e92-937e-5af0b59d0cd4" />
				<meta>
					<profile value="https://fhir.kbv.de/StructureDefinition/KBV_PR_FOR_Coverage|1.0.3" />
				</meta>
				<extension url="http://fhir.de/StructureDefinition/gkv/besondere-personengruppe">
					<valueCoding>
						<system value="https://fhir.kbv.de/CodeSystem/KBV_CS_SFHIR_KBV_PERSONENGRUPPE" />
						<code value="00" />
					</valueCoding>
				</extension>
				<extension url="http://fhir.de/StructureDefinition/gkv/dmp-kennzeichen">
					<valueCoding>
						<system value="https://fhir.kbv.de/CodeSystem/KBV_CS_SFHIR_KBV_DMP" />
						<code value="05" />
					</valueCoding>
				</extension>
				<extension url="http://fhir.de/StructureDefinition/gkv/wop">
					<valueCoding>
						<system value="https://fhir.kbv.de/CodeSystem/KBV_CS_SFHIR_ITA_WOP" />
						<code value="17" />
					</valueCoding>
				</extension>
				<extension url="http://fhir.de/StructureDefinition/gkv/versichertenart">
					<valueCoding>
						<system value="https://fhir.kbv.de/CodeSystem/KBV_CS_SFHIR_KBV_VERSICHERTENSTATUS" />
						<code value="5" />
					</valueCoding>
				</extension>
				<status value="active" />
				<type>
					<coding>
						<system value="http://fhir.de/CodeSystem/versicherungsart-de-basis" />
						<code value="GKV" />
					</coding>
				</type>
				<beneficiary>
					<reference value="Patient/93866fdc-3e50-4902-a7e9-891b54737b5e" />
				</beneficiary>
				<payor>
					<identifier>
						<system value="http://fhir.de/NamingSystem/arge-ik/iknr" />
						<value value="INSERT_KASSEN-IK_HERE" />
					</identifier>
					<display value="INSERT_KASSEN-NAME_HERE_MAXLENGTH_STRING_IS_45" />
				</payor>
			</Coverage>
		</resource>
	</entry>
</Bundle>
