<Bundle xmlns="http://hl7.org/fhir">
	<id value="35e0e39d-e48e-4264-88ff-94bccccc0196"/>
	<meta>
		<lastUpdated value="2021-11-12T14:53:28.3264428+01:00"/>
		<profile value="https://fhir.kbv.de/StructureDefinition/KBV_PR_ERP_Bundle|1.0.2"/>
	</meta>
	<identifier>
		<system value="https://gematik.de/fhir/NamingSystem/PrescriptionID"/>
		<value value="160.000.074.297.517.23"/>
	</identifier>
	<type value="document"/>
	<timestamp value="2021-11-12T14:53:28.3264428+01:00"/>
	<entry>
		<fullUrl value="http://pvs.praxis.local/fhir/4fab68b1-2fc0-4506-b737-8d77113e2114"/>
		<resource>
			<Composition>
				<id value="4fab68b1-2fc0-4506-b737-8d77113e2114"/>
				<meta>
					<profile value="https://fhir.kbv.de/StructureDefinition/KBV_PR_ERP_Composition|1.0.2"/>
				</meta>
				<extension url="https://fhir.kbv.de/StructureDefinition/KBV_EX_FOR_Legal_basis">
					<valueCoding>
						<system value="https://fhir.kbv.de/CodeSystem/KBV_CS_SFHIR_KBV_STATUSKENNZEICHEN"/>
						<code value="00"/>
					</valueCoding>
				</extension>
				<status value="final"/>
				<type>
					<coding>
						<system value="https://fhir.kbv.de/CodeSystem/KBV_CS_SFHIR_KBV_FORMULAR_ART"/>
						<code value="e16A"/>
					</coding>
				</type>
				<subject>
					<reference value="Patient/8cf12b67-d6ee-4dc9-9c10-1fb3ccc2a2b6"/>
				</subject>
				<date value="2021-11-12T14:53:27.0094481+01:00"/>
				<author>
					<reference value="Practitioner/e4e8e3a3-27d8-48c6-86ec-b13d163f3e82"/>
					<type value="Practitioner"/>
				</author>
				<author>
					<type value="Device"/>
					<identifier>
						<system value="https://fhir.kbv.de/NamingSystem/KBV_NS_FOR_Pruefnummer"/>
						<value value="Y/400/1910/36/462"/>
					</identifier>
				</author>
				<title value="elektronische Arzneimittelverordnung"/>
				<custodian>
					<reference value="Organization/0c2c07fe-4d7c-45a1-958c-ca9d221f36ef"/>
				</custodian>
				<section>
					<code>
						<coding>
							<system value="https://fhir.kbv.de/CodeSystem/KBV_CS_ERP_Section_Type"/>
							<code value="Prescription"/>
						</coding>
					</code>
					<entry>
						<reference value="MedicationRequest/01717ee9-6e46-475a-8b0d-938299691a24"/>
					</entry>
				</section>
				<section>
					<code>
						<coding>
							<system value="https://fhir.kbv.de/CodeSystem/KBV_CS_ERP_Section_Type"/>
							<code value="Coverage"/>
						</coding>
					</code>
					<entry>
						<reference value="Coverage/82d5c1fe-c96d-4165-9d67-fdc43547ac03"/>
					</entry>
				</section>
			</Composition>
		</resource>
	</entry>
	<entry>
		<fullUrl value="http://pvs.praxis.local/fhir/8cf12b67-d6ee-4dc9-9c10-1fb3ccc2a2b6"/>
		<resource>
			<Patient>
				<id value="8cf12b67-d6ee-4dc9-9c10-1fb3ccc2a2b6"/>
				<meta>
					<profile value="https://fhir.kbv.de/StructureDefinition/KBV_PR_FOR_Patient|1.0.3"/>
				</meta>
				<identifier>
					<use value="official"/>
					<type>
						<coding>
							<system value="http://fhir.de/CodeSystem/identifier-type-de-basis"/>
							<code value="GKV"/>
						</coding>
					</type>
					<system value="http://fhir.de/NamingSystem/gkv/kvid-10"/>
					<value value="INSERT_PATIENT-KVNR_HERE"/>
				</identifier>
				<name>
					<use value="official"/>
					<family value="Gräfin Dômbrowski">
						<extension url="http://fhir.de/StructureDefinition/humanname-namenszusatz">
							<valueString value="Gräfin"/>
						</extension>
						<extension url="http://hl7.org/fhir/StructureDefinition/humanname-own-name">
							<valueString value="Dômbrowski"/>
						</extension>
					</family>
					<given value="Isabelle Anna Gabriele Tamara"/>
				</name>
				<birthDate value="1943-09-19"/>
				<address>
					<type value="both"/>
					<line value="Flensburger Straße 61">
						<extension url="http://hl7.org/fhir/StructureDefinition/iso21090-ADXP-streetName">
							<valueString value="Flensburger Straße"/>
						</extension>
						<extension url="http://hl7.org/fhir/StructureDefinition/iso21090-ADXP-houseNumber">
							<valueString value="61"/>
						</extension>
					</line>
					<line value="Hinterhaus">
						<extension url="http://hl7.org/fhir/StructureDefinition/iso21090-ADXP-additionalLocator">
							<valueString value="Hinterhaus"/>
						</extension>
					</line>
					<city value="Schleswig"/>
					<postalCode value="24837"/>
					<country value="D"/>
				</address>
			</Patient>
		</resource>
	</entry>
	<entry>
		<fullUrl value="http://pvs.praxis.local/fhir/e4e8e3a3-27d8-48c6-86ec-b13d163f3e82"/>
		<resource>
			<Practitioner>
				<id value="e4e8e3a3-27d8-48c6-86ec-b13d163f3e82"/>
				<meta>
					<profile value="https://fhir.kbv.de/StructureDefinition/KBV_PR_FOR_Practitioner|1.0.3"/>
				</meta>
				<identifier>
					<use value="official"/>
					<type>
						<coding>
							<system value="http://terminology.hl7.org/CodeSystem/v2-0203"/>
							<code value="LANR"/>
						</coding>
					</type>
					<system value="https://fhir.kbv.de/NamingSystem/KBV_NS_Base_ANR"/>
					<value value="INSERT_LANR_THAT_FITS_AMVV-§2_HERE_AND_CHECK_OTHER_PRACTITIONER_ATTRs"/>
				</identifier>
				<name>
					<use value="official"/>
					<family value="Thiele">
						<extension url="http://hl7.org/fhir/StructureDefinition/humanname-own-name">
							<valueString value="Thiele"/>
						</extension>
					</family>
					<given value="Wilhelm"/>
					<prefix value="Dr. med.">
						<extension url="http://hl7.org/fhir/StructureDefinition/iso21090-EN-qualifier">
							<valueCode value="AC"/>
						</extension>
					</prefix>
				</name>
				<qualification>
					<code>
						<coding>
							<system value="https://fhir.kbv.de/CodeSystem/KBV_CS_FOR_Qualification_Type"/>
							<code value="00"/>
						</coding>
					</code>
				</qualification>
				<qualification>
					<code>
						<text value="Allgemeinmedizin"/>
					</code>
				</qualification>
			</Practitioner>
		</resource>
	</entry>
	<entry>
		<fullUrl value="http://pvs.praxis.local/fhir/0c2c07fe-4d7c-45a1-958c-ca9d221f36ef"/>
		<resource>
			<Organization>
				<id value="0c2c07fe-4d7c-45a1-958c-ca9d221f36ef"/>
				<meta>
					<profile value="https://fhir.kbv.de/StructureDefinition/KBV_PR_FOR_Organization|1.0.3"/>
				</meta>
				<identifier>
					<use value="official"/>
					<type>
						<coding>
							<system value="http://terminology.hl7.org/CodeSystem/v2-0203"/>
							<code value="BSNR"/>
						</coding>
					</type>
					<system value="https://fhir.kbv.de/NamingSystem/KBV_NS_Base_BSNR"/>
					<value value="666666666"/>
				</identifier>
				<name value="KIM-x2-HBS"/>
				<telecom>
					<system value="phone"/>
					<value value="0123456789-11111"/>
				</telecom>
				<address>
					<type value="both"/>
					<line value="Im Kappelhof 1">
						<extension url="http://hl7.org/fhir/StructureDefinition/iso21090-ADXP-streetName">
							<valueString value="Im Kappelhof"/>
						</extension>
						<extension url="http://hl7.org/fhir/StructureDefinition/iso21090-ADXP-houseNumber">
							<valueString value="1"/>
						</extension>
					</line>
					<city value="Eltville"/>
					<postalCode value="65331"/>
					<country value="D"/>
				</address>
			</Organization>
		</resource>
	</entry>
	<entry>
		<fullUrl value="http://pvs.praxis.local/fhir/2bae31d8-e203-4695-af55-e55ac93c4cd8"/>
		<resource>
			<Medication>
				<id value="2bae31d8-e203-4695-af55-e55ac93c4cd8"/>
				<meta>
					<profile value="https://fhir.kbv.de/StructureDefinition/KBV_PR_ERP_Medication_PZN|1.0.2"/>
				</meta>
				<extension url="https://fhir.kbv.de/StructureDefinition/KBV_EX_ERP_Medication_Category">
					<valueCoding>
						<system value="https://fhir.kbv.de/CodeSystem/KBV_CS_ERP_Medication_Category"/>
						<code value="00"/>
					</valueCoding>
				</extension>
				<extension url="https://fhir.kbv.de/StructureDefinition/KBV_EX_ERP_Medication_Vaccine">
					<valueBoolean value="false"/>
				</extension>
				<extension url="http://fhir.de/StructureDefinition/normgroesse">
					<valueCode value="NB"/>
				</extension>
				<code>
					<coding>
						<system value="http://fhir.de/CodeSystem/ifa/pzn"/>
						<code value="00399083"/>
					</coding>
					<text value="PACLITAXEL GRY 6 mg/ml Konz.z.Her.e.Inf.-Lsg.Dsfl."/>
				</code>
				<form>
					<coding>
						<system value="https://fhir.kbv.de/CodeSystem/KBV_CS_SFHIR_KBV_DARREICHUNGSFORM"/>
						<code value="IFK"/>
					</coding>
				</form>
				<amount>
					<numerator>
						<value value="16"/>
						<unit value="ml"/>
					</numerator>
					<denominator>
						<value value="1"/>
					</denominator>
				</amount>
			</Medication>
		</resource>
	</entry>
	<entry>
		<fullUrl value="http://pvs.praxis.local/fhir/82d5c1fe-c96d-4165-9d67-fdc43547ac03"/>
		<resource>
			<Coverage>
				<id value="82d5c1fe-c96d-4165-9d67-fdc43547ac03"/>
				<meta>
					<profile value="https://fhir.kbv.de/StructureDefinition/KBV_PR_FOR_Coverage|1.0.3"/>
				</meta>
				<extension url="http://fhir.de/StructureDefinition/gkv/besondere-personengruppe">
					<valueCoding>
						<system value="https://fhir.kbv.de/CodeSystem/KBV_CS_SFHIR_KBV_PERSONENGRUPPE"/>
						<code value="00"/>
					</valueCoding>
				</extension>
				<extension url="http://fhir.de/StructureDefinition/gkv/dmp-kennzeichen">
					<valueCoding>
						<system value="https://fhir.kbv.de/CodeSystem/KBV_CS_SFHIR_KBV_DMP"/>
						<code value="00"/>
					</valueCoding>
				</extension>
				<extension url="http://fhir.de/StructureDefinition/gkv/versichertenart">
					<valueCoding>
						<system value="https://fhir.kbv.de/CodeSystem/KBV_CS_SFHIR_KBV_VERSICHERTENSTATUS"/>
						<code value="3"/>
					</valueCoding>
				</extension>
				<extension url="http://fhir.de/StructureDefinition/gkv/wop">
					<valueCoding>
						<system value="https://fhir.kbv.de/CodeSystem/KBV_CS_SFHIR_ITA_WOP"/>
						<code value="01"/>
					</valueCoding>
				</extension>
				<status value="active"/>
				<type>
					<coding>
						<system value="http://fhir.de/CodeSystem/versicherungsart-de-basis"/>
						<code value="GKV"/>
					</coding>
				</type>
				<beneficiary>
					<reference value="Patient/8cf12b67-d6ee-4dc9-9c10-1fb3ccc2a2b6"/>
				</beneficiary>
				<payor>
					<identifier>
						<system value="http://fhir.de/NamingSystem/arge-ik/iknr"/>
						<value value="INSERT_KASSEN-IK_HERE"/>
					</identifier>
					<display value="INSERT_KASSEN-NAME_HERE_MAXLENGTH_STRING_IS_45"/>
				</payor>
			</Coverage>
		</resource>
	</entry>
	<entry>
		<fullUrl value="http://pvs.praxis.local/fhir/01717ee9-6e46-475a-8b0d-938299691a24"/>
		<resource>
			<MedicationRequest>
				<id value="01717ee9-6e46-475a-8b0d-938299691a24"/>
				<meta>
					<profile value="https://fhir.kbv.de/StructureDefinition/KBV_PR_ERP_Prescription|1.0.2"/>
				</meta>
				<extension url="https://fhir.kbv.de/StructureDefinition/KBV_EX_ERP_StatusCoPayment">
					<valueCoding>
						<system value="https://fhir.kbv.de/CodeSystem/KBV_CS_ERP_StatusCoPayment"/>
						<code value="0"/>
					</valueCoding>
				</extension>
				<extension url="https://fhir.kbv.de/StructureDefinition/KBV_EX_ERP_EmergencyServicesFee">
					<valueBoolean value="false"/>
				</extension>
				<extension url="https://fhir.kbv.de/StructureDefinition/KBV_EX_ERP_BVG">
					<valueBoolean value="false"/>
				</extension>
				<extension url="https://fhir.kbv.de/StructureDefinition/KBV_EX_ERP_Multiple_Prescription">
					<extension url="Kennzeichen">
						<valueBoolean value="false"/>
					</extension>
				</extension>
				<status value="active"/>
				<intent value="order"/>
				<medicationReference>
					<reference value="Medication/2bae31d8-e203-4695-af55-e55ac93c4cd8"/>
				</medicationReference>
				<subject>
					<reference value="Patient/8cf12b67-d6ee-4dc9-9c10-1fb3ccc2a2b6"/>
				</subject>
				<authoredOn value="INSERT_yyyy-mm-dd_HERE"/>
				<requester>
					<reference value="Practitioner/e4e8e3a3-27d8-48c6-86ec-b13d163f3e82"/>
				</requester>
				<insurance>
					<reference value="Coverage/82d5c1fe-c96d-4165-9d67-fdc43547ac03"/>
				</insurance>
				<dosageInstruction>
					<extension url="https://fhir.kbv.de/StructureDefinition/KBV_EX_ERP_DosageFlag">
						<valueBoolean value="false"/>
					</extension>
				</dosageInstruction>
				<dispenseRequest>
					<quantity>
						<value value="1"/>
						<system value="http://unitsofmeasure.org"/>
						<code value="{Package}"/>
					</quantity>
				</dispenseRequest>
				<substitution>
					<allowedBoolean value="true"/>
				</substitution>
			</MedicationRequest>
		</resource>
	</entry>
</Bundle>
