<Bundle xmlns="http://hl7.org/fhir">
	<id value="674ce787-08bc-48a7-836c-8634f76f8c26"/>
	<meta>
		<lastUpdated value="2021-11-12T11:14:26.7808126+01:00"/>
		<profile value="https://fhir.kbv.de/StructureDefinition/KBV_PR_ERP_Bundle|1.0.2"/>
	</meta>
	<identifier>
		<system value="https://gematik.de/fhir/NamingSystem/PrescriptionID"/>
		<value value="160.000.074.296.807.19"/>
	</identifier>
	<type value="document"/>
	<timestamp value="2021-11-12T11:14:26.7808126+01:00"/>
	<entry>
		<fullUrl value="http://pvs.praxis.local/fhir/846b5891-460d-4ffd-940f-8fa6250c0ba7"/>
		<resource>
			<Composition>
				<id value="846b5891-460d-4ffd-940f-8fa6250c0ba7"/>
				<meta>
					<profile value="https://fhir.kbv.de/StructureDefinition/KBV_PR_ERP_Composition|1.0.2"/>
				</meta>
				<extension url="https://fhir.kbv.de/StructureDefinition/KBV_EX_FOR_Legal_basis">
					<valueCoding>
						<system value="https://fhir.kbv.de/CodeSystem/KBV_CS_SFHIR_KBV_STATUSKENNZEICHEN"/>
						<code value="00"/>
					</valueCoding>
				</extension>
				<status value="final"/>
				<type>
					<coding>
						<system value="https://fhir.kbv.de/CodeSystem/KBV_CS_SFHIR_KBV_FORMULAR_ART"/>
						<code value="e16A"/>
					</coding>
				</type>
				<subject>
					<reference value="Patient/d80e58be-0132-4aa1-a345-85d8b160a148"/>
				</subject>
				<date value="2021-11-12T11:14:19.832081+01:00"/>
				<author>
					<reference value="Practitioner/2dd53b4f-8829-4add-8f47-d870a911acfa"/>
					<type value="Practitioner"/>
				</author>
				<author>
					<type value="Device"/>
					<identifier>
						<system value="https://fhir.kbv.de/NamingSystem/KBV_NS_FOR_Pruefnummer"/>
						<value value="Y/400/1910/36/462"/>
					</identifier>
				</author>
				<title value="elektronische Arzneimittelverordnung"/>
				<custodian>
					<reference value="Organization/1910b0ab-dca1-46bf-b9a7-09d32f517770"/>
				</custodian>
				<section>
					<code>
						<coding>
							<system value="https://fhir.kbv.de/CodeSystem/KBV_CS_ERP_Section_Type"/>
							<code value="Prescription"/>
						</coding>
					</code>
					<entry>
						<reference value="MedicationRequest/b99f0e0b-831a-490d-99d5-de46ad24e982"/>
					</entry>
				</section>
				<section>
					<code>
						<coding>
							<system value="https://fhir.kbv.de/CodeSystem/KBV_CS_ERP_Section_Type"/>
							<code value="Coverage"/>
						</coding>
					</code>
					<entry>
						<reference value="Coverage/2cc75a7c-2b3b-467d-8af9-459908bf321f"/>
					</entry>
				</section>
			</Composition>
		</resource>
	</entry>
	<entry>
		<fullUrl value="http://pvs.praxis.local/fhir/d80e58be-0132-4aa1-a345-85d8b160a148"/>
		<resource>
			<Patient>
				<id value="d80e58be-0132-4aa1-a345-85d8b160a148"/>
				<meta>
					<profile value="https://fhir.kbv.de/StructureDefinition/KBV_PR_FOR_Patient|1.0.3"/>
				</meta>
				<identifier>
					<use value="official"/>
					<type>
						<coding>
							<system value="http://fhir.de/CodeSystem/identifier-type-de-basis"/>
							<code value="GKV"/>
						</coding>
					</type>
					<system value="http://fhir.de/NamingSystem/gkv/kvid-10"/>
					<value value="INSERT_PATIENT-KVNR_HERE"/>
				</identifier>
				<name>
					<use value="official"/>
					<family value="von Stein Graf Freiherr Schaumberg">
						<extension url="http://fhir.de/StructureDefinition/humanname-namenszusatz">
							<valueString value="von Stein"/>
						</extension>
						<extension url="http://hl7.org/fhir/StructureDefinition/humanname-own-prefix">
							<valueString value="Graf Freiherr"/>
						</extension>
						<extension url="http://hl7.org/fhir/StructureDefinition/humanname-own-name">
							<valueString value="Schaumberg"/>
						</extension>
					</family>
					<given value="Prof. Dr. Karl-Friederich"/>
				</name>
				<birthDate value="1964-04-04"/>
				<address>
					<type value="both"/>
					<line value="Siegburger Str. 155">
						<extension url="http://hl7.org/fhir/StructureDefinition/iso21090-ADXP-streetName">
							<valueString value="Siegburger Str."/>
						</extension>
						<extension url="http://hl7.org/fhir/StructureDefinition/iso21090-ADXP-houseNumber">
							<valueString value="155"/>
						</extension>
					</line>
					<city value="Köln"/>
					<postalCode value="51105"/>
					<country value="D"/>
				</address>
			</Patient>
		</resource>
	</entry>
	<entry>
		<fullUrl value="http://pvs.praxis.local/fhir/2dd53b4f-8829-4add-8f47-d870a911acfa"/>
		<resource>
			<Practitioner>
				<id value="2dd53b4f-8829-4add-8f47-d870a911acfa"/>
				<meta>
					<profile value="https://fhir.kbv.de/StructureDefinition/KBV_PR_FOR_Practitioner|1.0.3"/>
				</meta>
				<identifier>
					<use value="official"/>
					<type>
						<coding>
							<system value="http://terminology.hl7.org/CodeSystem/v2-0203"/>
							<code value="LANR"/>
						</coding>
					</type>
					<system value="https://fhir.kbv.de/NamingSystem/KBV_NS_Base_ANR"/>
					<value value="INSERT_LANR_THAT_FITS_AMVV-§2_HERE_AND_CHECK_OTHER_PRACTITIONER_ATTRs"/>
				</identifier>
				<name>
					<use value="official"/>
					<family value="Thiele">
						<extension url="http://hl7.org/fhir/StructureDefinition/humanname-own-name">
							<valueString value="Thiele"/>
						</extension>
					</family>
					<given value="Wilhelm"/>
					<prefix value="Dr. med.">
						<extension url="http://hl7.org/fhir/StructureDefinition/iso21090-EN-qualifier">
							<valueCode value="AC"/>
						</extension>
					</prefix>
				</name>
				<qualification>
					<code>
						<coding>
							<system value="https://fhir.kbv.de/CodeSystem/KBV_CS_FOR_Qualification_Type"/>
							<code value="00"/>
						</coding>
					</code>
				</qualification>
				<qualification>
					<code>
						<text value="Allgemeinmedizin"/>
					</code>
				</qualification>
			</Practitioner>
		</resource>
	</entry>
	<entry>
		<fullUrl value="http://pvs.praxis.local/fhir/1910b0ab-dca1-46bf-b9a7-09d32f517770"/>
		<resource>
			<Organization>
				<id value="1910b0ab-dca1-46bf-b9a7-09d32f517770"/>
				<meta>
					<profile value="https://fhir.kbv.de/StructureDefinition/KBV_PR_FOR_Organization|1.0.3"/>
				</meta>
				<identifier>
					<use value="official"/>
					<type>
						<coding>
							<system value="http://terminology.hl7.org/CodeSystem/v2-0203"/>
							<code value="BSNR"/>
						</coding>
					</type>
					<system value="https://fhir.kbv.de/NamingSystem/KBV_NS_Base_BSNR"/>
					<value value="666666666"/>
				</identifier>
				<name value="KIM-x2-HBS"/>
				<telecom>
					<system value="phone"/>
					<value value="0123456789-11111"/>
				</telecom>
				<address>
					<type value="both"/>
					<line value="Im Kappelhof 1">
						<extension url="http://hl7.org/fhir/StructureDefinition/iso21090-ADXP-streetName">
							<valueString value="Im Kappelhof"/>
						</extension>
						<extension url="http://hl7.org/fhir/StructureDefinition/iso21090-ADXP-houseNumber">
							<valueString value="1"/>
						</extension>
					</line>
					<city value="Eltville"/>
					<postalCode value="65331"/>
					<country value="D"/>
				</address>
			</Organization>
		</resource>
	</entry>
	<entry>
		<fullUrl value="http://pvs.praxis.local/fhir/c11bb934-e4e8-4f1c-9400-2310158a6f39"/>
		<resource>
			<Medication>
				<id value="c11bb934-e4e8-4f1c-9400-2310158a6f39"/>
				<meta>
					<profile value="https://fhir.kbv.de/StructureDefinition/KBV_PR_ERP_Medication_PZN|1.0.2"/>
				</meta>
				<extension url="https://fhir.kbv.de/StructureDefinition/KBV_EX_ERP_Medication_Category">
					<valueCoding>
						<system value="https://fhir.kbv.de/CodeSystem/KBV_CS_ERP_Medication_Category"/>
						<code value="00"/>
					</valueCoding>
				</extension>
				<extension url="https://fhir.kbv.de/StructureDefinition/KBV_EX_ERP_Medication_Vaccine">
					<valueBoolean value="true"/>
				</extension>
				<extension url="http://fhir.de/StructureDefinition/normgroesse">
					<valueCode value="N3"/>
				</extension>
				<code>
					<coding>
						<system value="http://fhir.de/CodeSystem/ifa/pzn"/>
						<code value="17514341"/>
					</coding>
					<text value="PRIORIX MASERN MUMPS ROETE"/>
				</code>
				<form>
					<coding>
						<system value="https://fhir.kbv.de/CodeSystem/KBV_CS_SFHIR_KBV_DARREICHUNGSFORM"/>
						<code value="PLI"/>
					</coding>
				</form>
				<amount>
					<numerator>
						<value value="20"/>
						<unit value="St"/>
					</numerator>
					<denominator>
						<value value="1"/>
					</denominator>
				</amount>
			</Medication>
		</resource>
	</entry>
	<entry>
		<fullUrl value="http://pvs.praxis.local/fhir/2cc75a7c-2b3b-467d-8af9-459908bf321f"/>
		<resource>
			<Coverage>
				<id value="2cc75a7c-2b3b-467d-8af9-459908bf321f"/>
				<meta>
					<profile value="https://fhir.kbv.de/StructureDefinition/KBV_PR_FOR_Coverage|1.0.3"/>
				</meta>
				<extension url="http://fhir.de/StructureDefinition/gkv/besondere-personengruppe">
					<valueCoding>
						<system value="https://fhir.kbv.de/CodeSystem/KBV_CS_SFHIR_KBV_PERSONENGRUPPE"/>
						<code value="00"/>
					</valueCoding>
				</extension>
				<extension url="http://fhir.de/StructureDefinition/gkv/dmp-kennzeichen">
					<valueCoding>
						<system value="https://fhir.kbv.de/CodeSystem/KBV_CS_SFHIR_KBV_DMP"/>
						<code value="00"/>
					</valueCoding>
				</extension>
				<extension url="http://fhir.de/StructureDefinition/gkv/versichertenart">
					<valueCoding>
						<system value="https://fhir.kbv.de/CodeSystem/KBV_CS_SFHIR_KBV_VERSICHERTENSTATUS"/>
						<code value="1"/>
					</valueCoding>
				</extension>
				<status value="active"/>
				<type>
					<coding>
						<system value="http://fhir.de/CodeSystem/versicherungsart-de-basis"/>
						<code value="GKV"/>
					</coding>
				</type>
				<beneficiary>
					<reference value="Patient/d80e58be-0132-4aa1-a345-85d8b160a148"/>
				</beneficiary>
				<payor>
					<identifier>
						<system value="http://fhir.de/NamingSystem/arge-ik/iknr"/>
						<value value="INSERT_KASSEN-IK_HERE"/>
					</identifier>
					<display value="INSERT_KASSEN-NAME_HERE_MAXLENGTH_STRING_IS_45"/>
				</payor>
			</Coverage>
		</resource>
	</entry>
	<entry>
		<fullUrl value="http://pvs.praxis.local/fhir/b99f0e0b-831a-490d-99d5-de46ad24e982"/>
		<resource>
			<MedicationRequest>
				<id value="b99f0e0b-831a-490d-99d5-de46ad24e982"/>
				<meta>
					<profile value="https://fhir.kbv.de/StructureDefinition/KBV_PR_ERP_Prescription|1.0.2"/>
				</meta>
				<extension url="https://fhir.kbv.de/StructureDefinition/KBV_EX_ERP_StatusCoPayment">
					<valueCoding>
						<system value="https://fhir.kbv.de/CodeSystem/KBV_CS_ERP_StatusCoPayment"/>
						<code value="0"/>
					</valueCoding>
				</extension>
				<extension url="https://fhir.kbv.de/StructureDefinition/KBV_EX_ERP_EmergencyServicesFee">
					<valueBoolean value="false"/>
				</extension>
				<extension url="https://fhir.kbv.de/StructureDefinition/KBV_EX_ERP_BVG">
					<valueBoolean value="false"/>
				</extension>
				<extension url="https://fhir.kbv.de/StructureDefinition/KBV_EX_ERP_Multiple_Prescription">
					<extension url="Kennzeichen">
						<valueBoolean value="false"/>
					</extension>
				</extension>
				<status value="active"/>
				<intent value="order"/>
				<medicationReference>
					<reference value="Medication/c11bb934-e4e8-4f1c-9400-2310158a6f39"/>
				</medicationReference>
				<subject>
					<reference value="Patient/d80e58be-0132-4aa1-a345-85d8b160a148"/>
				</subject>
				<authoredOn value="INSERT_yyyy-mm-dd_HERE"/>
				<requester>
					<reference value="Practitioner/2dd53b4f-8829-4add-8f47-d870a911acfa"/>
				</requester>
				<insurance>
					<reference value="Coverage/2cc75a7c-2b3b-467d-8af9-459908bf321f"/>
				</insurance>
				<dosageInstruction>
					<extension url="https://fhir.kbv.de/StructureDefinition/KBV_EX_ERP_DosageFlag">
						<valueBoolean value="false"/>
					</extension>
				</dosageInstruction>
				<dispenseRequest>
					<quantity>
						<value value="1"/>
						<system value="http://unitsofmeasure.org"/>
						<code value="{Package}"/>
					</quantity>
				</dispenseRequest>
				<substitution>
					<allowedBoolean value="true"/>
				</substitution>
			</MedicationRequest>
		</resource>
	</entry>
</Bundle>
